{
 "nodes": {
  "node-red": {
   "name": "node-red",
   "version": "0.20.7",
   "local": false,
   "nodes": {
    "inject": {
     "name": "inject",
     "types": [
      "inject"
     ],
     "enabled": true,
     "local": false,
     "module": "node-red",
     "file": "C:\\Program Files\\Neutrinos Studio\\resources\\app.asar.unpacked\\node_modules\\@jatahworx\\bhive-core\\node_modules\\@node-red\\nodes\\core\\core\\20-inject.js"
    },
    "catch": {
     "name": "catch",
     "types": [
      "catch"
     ],
     "enabled": true,
     "local": false,
     "module": "node-red",
     "file": "C:\\Program Files\\Neutrinos Studio\\resources\\app.asar.unpacked\\node_modules\\@jatahworx\\bhive-core\\node_modules\\@node-red\\nodes\\core\\core\\25-catch.js"
    },
    "status": {
     "name": "status",
     "types": [
      "status"
     ],
     "enabled": true,
     "local": false,
     "module": "node-red",
     "file": "C:\\Program Files\\Neutrinos Studio\\resources\\app.asar.unpacked\\node_modules\\@jatahworx\\bhive-core\\node_modules\\@node-red\\nodes\\core\\core\\25-status.js"
    },
    "debug": {
     "name": "debug",
     "types": [
      "debug"
     ],
     "enabled": true,
     "local": false,
     "module": "node-red",
     "file": "C:\\Program Files\\Neutrinos Studio\\resources\\app.asar.unpacked\\node_modules\\@jatahworx\\bhive-core\\node_modules\\@node-red\\nodes\\core\\core\\58-debug.js"
    },
    "link": {
     "name": "link",
     "types": [
      "link in",
      "link out"
     ],
     "enabled": true,
     "local": false,
     "module": "node-red",
     "file": "C:\\Program Files\\Neutrinos Studio\\resources\\app.asar.unpacked\\node_modules\\@jatahworx\\bhive-core\\node_modules\\@node-red\\nodes\\core\\core\\60-link.js"
    },
    "exec": {
     "name": "exec",
     "types": [
      "exec"
     ],
     "enabled": true,
     "local": false,
     "module": "node-red",
     "file": "C:\\Program Files\\Neutrinos Studio\\resources\\app.asar.unpacked\\node_modules\\@jatahworx\\bhive-core\\node_modules\\@node-red\\nodes\\core\\core\\75-exec.js"
    },
    "function": {
     "name": "function",
     "types": [
      "function"
     ],
     "enabled": true,
     "local": false,
     "module": "node-red",
     "file": "C:\\Program Files\\Neutrinos Studio\\resources\\app.asar.unpacked\\node_modules\\@jatahworx\\bhive-core\\node_modules\\@node-red\\nodes\\core\\core\\80-function.js"
    },
    "template": {
     "name": "template",
     "types": [
      "template"
     ],
     "enabled": true,
     "local": false,
     "module": "node-red",
     "file": "C:\\Program Files\\Neutrinos Studio\\resources\\app.asar.unpacked\\node_modules\\@jatahworx\\bhive-core\\node_modules\\@node-red\\nodes\\core\\core\\80-template.js"
    },
    "delay": {
     "name": "delay",
     "types": [
      "delay"
     ],
     "enabled": true,
     "local": false,
     "module": "node-red",
     "file": "C:\\Program Files\\Neutrinos Studio\\resources\\app.asar.unpacked\\node_modules\\@jatahworx\\bhive-core\\node_modules\\@node-red\\nodes\\core\\core\\89-delay.js"
    },
    "trigger": {
     "name": "trigger",
     "types": [
      "trigger"
     ],
     "enabled": true,
     "local": false,
     "module": "node-red",
     "file": "C:\\Program Files\\Neutrinos Studio\\resources\\app.asar.unpacked\\node_modules\\@jatahworx\\bhive-core\\node_modules\\@node-red\\nodes\\core\\core\\89-trigger.js"
    },
    "comment": {
     "name": "comment",
     "types": [
      "comment"
     ],
     "enabled": true,
     "local": false,
     "module": "node-red",
     "file": "C:\\Program Files\\Neutrinos Studio\\resources\\app.asar.unpacked\\node_modules\\@jatahworx\\bhive-core\\node_modules\\@node-red\\nodes\\core\\core\\90-comment.js"
    },
    "unknown": {
     "name": "unknown",
     "types": [
      "unknown"
     ],
     "enabled": true,
     "local": false,
     "module": "node-red",
     "file": "C:\\Program Files\\Neutrinos Studio\\resources\\app.asar.unpacked\\node_modules\\@jatahworx\\bhive-core\\node_modules\\@node-red\\nodes\\core\\core\\98-unknown.js"
    },
    "rpi-gpio": {
     "name": "rpi-gpio",
     "types": [
      "rpi-gpio in",
      "rpi-gpio out",
      "rpi-mouse",
      "rpi-keyboard"
     ],
     "enabled": true,
     "local": false,
     "module": "node-red",
     "file": "C:\\Program Files\\Neutrinos Studio\\resources\\app.asar.unpacked\\node_modules\\@jatahworx\\bhive-core\\node_modules\\@node-red\\nodes\\core\\hardware\\36-rpi-gpio.js"
    },
    "tls": {
     "name": "tls",
     "types": [
      "tls-config"
     ],
     "enabled": true,
     "local": false,
     "module": "node-red",
     "file": "C:\\Program Files\\Neutrinos Studio\\resources\\app.asar.unpacked\\node_modules\\@jatahworx\\bhive-core\\node_modules\\@node-red\\nodes\\core\\io\\05-tls.js"
    },
    "httpproxy": {
     "name": "httpproxy",
     "types": [
      "http proxy"
     ],
     "enabled": true,
     "local": false,
     "module": "node-red",
     "file": "C:\\Program Files\\Neutrinos Studio\\resources\\app.asar.unpacked\\node_modules\\@jatahworx\\bhive-core\\node_modules\\@node-red\\nodes\\core\\io\\06-httpproxy.js"
    },
    "mqtt": {
     "name": "mqtt",
     "types": [
      "mqtt in",
      "mqtt out",
      "mqtt-broker"
     ],
     "enabled": true,
     "local": false,
     "module": "node-red",
     "file": "C:\\Program Files\\Neutrinos Studio\\resources\\app.asar.unpacked\\node_modules\\@jatahworx\\bhive-core\\node_modules\\@node-red\\nodes\\core\\io\\10-mqtt.js"
    },
    "httpin": {
     "name": "httpin",
     "types": [
      "http in",
      "http response"
     ],
     "enabled": true,
     "local": false,
     "module": "node-red",
     "file": "C:\\Program Files\\Neutrinos Studio\\resources\\app.asar.unpacked\\node_modules\\@jatahworx\\bhive-core\\node_modules\\@node-red\\nodes\\core\\io\\21-httpin.js"
    },
    "httprequest": {
     "name": "httprequest",
     "types": [
      "http request"
     ],
     "enabled": true,
     "local": false,
     "module": "node-red",
     "file": "C:\\Program Files\\Neutrinos Studio\\resources\\app.asar.unpacked\\node_modules\\@jatahworx\\bhive-core\\node_modules\\@node-red\\nodes\\core\\io\\21-httprequest.js"
    },
    "websocket": {
     "name": "websocket",
     "types": [
      "websocket in",
      "websocket out",
      "websocket-listener",
      "websocket-client"
     ],
     "enabled": true,
     "local": false,
     "module": "node-red",
     "file": "C:\\Program Files\\Neutrinos Studio\\resources\\app.asar.unpacked\\node_modules\\@jatahworx\\bhive-core\\node_modules\\@node-red\\nodes\\core\\io\\22-websocket.js"
    },
    "watch": {
     "name": "watch",
     "types": [
      "watch"
     ],
     "enabled": true,
     "local": false,
     "module": "node-red",
     "file": "C:\\Program Files\\Neutrinos Studio\\resources\\app.asar.unpacked\\node_modules\\@jatahworx\\bhive-core\\node_modules\\@node-red\\nodes\\core\\io\\23-watch.js"
    },
    "tcpin": {
     "name": "tcpin",
     "types": [
      "tcp in",
      "tcp out",
      "tcp request"
     ],
     "enabled": true,
     "local": false,
     "module": "node-red",
     "file": "C:\\Program Files\\Neutrinos Studio\\resources\\app.asar.unpacked\\node_modules\\@jatahworx\\bhive-core\\node_modules\\@node-red\\nodes\\core\\io\\31-tcpin.js"
    },
    "udp": {
     "name": "udp",
     "types": [
      "udp in",
      "udp out"
     ],
     "enabled": true,
     "local": false,
     "module": "node-red",
     "file": "C:\\Program Files\\Neutrinos Studio\\resources\\app.asar.unpacked\\node_modules\\@jatahworx\\bhive-core\\node_modules\\@node-red\\nodes\\core\\io\\32-udp.js"
    },
    "switch": {
     "name": "switch",
     "types": [
      "switch"
     ],
     "enabled": true,
     "local": false,
     "module": "node-red",
     "file": "C:\\Program Files\\Neutrinos Studio\\resources\\app.asar.unpacked\\node_modules\\@jatahworx\\bhive-core\\node_modules\\@node-red\\nodes\\core\\logic\\10-switch.js"
    },
    "change": {
     "name": "change",
     "types": [
      "change"
     ],
     "enabled": true,
     "local": false,
     "module": "node-red",
     "file": "C:\\Program Files\\Neutrinos Studio\\resources\\app.asar.unpacked\\node_modules\\@jatahworx\\bhive-core\\node_modules\\@node-red\\nodes\\core\\logic\\15-change.js"
    },
    "range": {
     "name": "range",
     "types": [
      "range"
     ],
     "enabled": true,
     "local": false,
     "module": "node-red",
     "file": "C:\\Program Files\\Neutrinos Studio\\resources\\app.asar.unpacked\\node_modules\\@jatahworx\\bhive-core\\node_modules\\@node-red\\nodes\\core\\logic\\16-range.js"
    },
    "split": {
     "name": "split",
     "types": [
      "split",
      "join"
     ],
     "enabled": true,
     "local": false,
     "module": "node-red",
     "file": "C:\\Program Files\\Neutrinos Studio\\resources\\app.asar.unpacked\\node_modules\\@jatahworx\\bhive-core\\node_modules\\@node-red\\nodes\\core\\logic\\17-split.js"
    },
    "sort": {
     "name": "sort",
     "types": [
      "sort"
     ],
     "enabled": true,
     "local": false,
     "module": "node-red",
     "file": "C:\\Program Files\\Neutrinos Studio\\resources\\app.asar.unpacked\\node_modules\\@jatahworx\\bhive-core\\node_modules\\@node-red\\nodes\\core\\logic\\18-sort.js"
    },
    "batch": {
     "name": "batch",
     "types": [
      "batch"
     ],
     "enabled": true,
     "local": false,
     "module": "node-red",
     "file": "C:\\Program Files\\Neutrinos Studio\\resources\\app.asar.unpacked\\node_modules\\@jatahworx\\bhive-core\\node_modules\\@node-red\\nodes\\core\\logic\\19-batch.js"
    },
    "CSV": {
     "name": "CSV",
     "types": [
      "csv"
     ],
     "enabled": true,
     "local": false,
     "module": "node-red",
     "file": "C:\\Program Files\\Neutrinos Studio\\resources\\app.asar.unpacked\\node_modules\\@jatahworx\\bhive-core\\node_modules\\@node-red\\nodes\\core\\parsers\\70-CSV.js"
    },
    "HTML": {
     "name": "HTML",
     "types": [
      "html"
     ],
     "enabled": true,
     "local": false,
     "module": "node-red",
     "file": "C:\\Program Files\\Neutrinos Studio\\resources\\app.asar.unpacked\\node_modules\\@jatahworx\\bhive-core\\node_modules\\@node-red\\nodes\\core\\parsers\\70-HTML.js"
    },
    "JSON": {
     "name": "JSON",
     "types": [
      "json"
     ],
     "enabled": true,
     "local": false,
     "module": "node-red",
     "file": "C:\\Program Files\\Neutrinos Studio\\resources\\app.asar.unpacked\\node_modules\\@jatahworx\\bhive-core\\node_modules\\@node-red\\nodes\\core\\parsers\\70-JSON.js"
    },
    "XML": {
     "name": "XML",
     "types": [
      "xml"
     ],
     "enabled": true,
     "local": false,
     "module": "node-red",
     "file": "C:\\Program Files\\Neutrinos Studio\\resources\\app.asar.unpacked\\node_modules\\@jatahworx\\bhive-core\\node_modules\\@node-red\\nodes\\core\\parsers\\70-XML.js"
    },
    "YAML": {
     "name": "YAML",
     "types": [
      "yaml"
     ],
     "enabled": true,
     "local": false,
     "module": "node-red",
     "file": "C:\\Program Files\\Neutrinos Studio\\resources\\app.asar.unpacked\\node_modules\\@jatahworx\\bhive-core\\node_modules\\@node-red\\nodes\\core\\parsers\\70-YAML.js"
    },
    "file": {
     "name": "file",
     "types": [
      "file",
      "file in"
     ],
     "enabled": true,
     "local": false,
     "module": "node-red",
     "file": "C:\\Program Files\\Neutrinos Studio\\resources\\app.asar.unpacked\\node_modules\\@jatahworx\\bhive-core\\node_modules\\@node-red\\nodes\\core\\storage\\50-file.js"
    }
   }
  },
  "node-red-contrib-bigobject": {
   "name": "node-red-contrib-bigobject",
   "version": "1.0.17",
   "local": true,
   "nodes": {
    "bo_csv_stream": {
     "name": "bo_csv_stream",
     "types": [
      "BigObject CSV stream"
     ],
     "enabled": true,
     "local": true,
     "module": "node-red-contrib-bigobject",
     "file": "C:\\Users\\hi\\neutrinos-studio\\PartnerPortal\\flows\\user-data\\node_modules\\node-red-contrib-bigobject\\bigobject\\bo_csv_stream.js"
    },
    "boa": {
     "name": "boa",
     "types": [
      "BigObject Analytics"
     ],
     "enabled": true,
     "local": true,
     "module": "node-red-contrib-bigobject",
     "file": "C:\\Users\\hi\\neutrinos-studio\\PartnerPortal\\flows\\user-data\\node_modules\\node-red-contrib-bigobject\\bigobject\\boa.js"
    },
    "bomart": {
     "name": "bomart",
     "types": [
      "BigObject Mart"
     ],
     "enabled": true,
     "local": true,
     "module": "node-red-contrib-bigobject",
     "file": "C:\\Users\\hi\\neutrinos-studio\\PartnerPortal\\flows\\user-data\\node_modules\\node-red-contrib-bigobject\\bigobject\\bomart.js"
    },
    "bosh": {
     "name": "bosh",
     "types": [
      "BigObject sh"
     ],
     "enabled": true,
     "local": true,
     "module": "node-red-contrib-bigobject",
     "file": "C:\\Users\\hi\\neutrinos-studio\\PartnerPortal\\flows\\user-data\\node_modules\\node-red-contrib-bigobject\\bigobject\\bosh.js"
    },
    "bosql": {
     "name": "bosql",
     "types": [
      "BigObject SQL"
     ],
     "enabled": true,
     "local": true,
     "module": "node-red-contrib-bigobject",
     "file": "C:\\Users\\hi\\neutrinos-studio\\PartnerPortal\\flows\\user-data\\node_modules\\node-red-contrib-bigobject\\bigobject\\bosql.js"
    },
    "boserver": {
     "name": "boserver",
     "types": [
      "boserver"
     ],
     "enabled": true,
     "local": true,
     "module": "node-red-contrib-bigobject",
     "file": "C:\\Users\\hi\\neutrinos-studio\\PartnerPortal\\flows\\user-data\\node_modules\\node-red-contrib-bigobject\\bigobject\\boserver.js"
    }
   }
  },
  "node-red-contrib-bson": {
   "name": "node-red-contrib-bson",
   "version": "1.0.0",
   "local": true,
   "nodes": {
    "objectid": {
     "name": "objectid",
     "types": [
      "objectid"
     ],
     "enabled": true,
     "local": true,
     "module": "node-red-contrib-bson",
     "file": "C:\\Users\\hi\\neutrinos-studio\\PartnerPortal\\flows\\user-data\\node_modules\\node-red-contrib-bson\\objectid.js"
    }
   }
  },
  "node-red-contrib-logstash": {
   "name": "node-red-contrib-logstash",
   "version": "0.0.3",
   "local": true,
   "nodes": {
    "ls-flt-age": {
     "name": "ls-flt-age",
     "types": [
      "ls-flt-age"
     ],
     "enabled": true,
     "local": true,
     "module": "node-red-contrib-logstash",
     "file": "C:\\Users\\hi\\neutrinos-studio\\PartnerPortal\\flows\\user-data\\node_modules\\node-red-contrib-logstash\\nodes\\filter\\age\\age.js"
    },
    "ls-flt-aggregate": {
     "name": "ls-flt-aggregate",
     "types": [
      "ls-flt-aggregate"
     ],
     "enabled": true,
     "local": true,
     "module": "node-red-contrib-logstash",
     "file": "C:\\Users\\hi\\neutrinos-studio\\PartnerPortal\\flows\\user-data\\node_modules\\node-red-contrib-logstash\\nodes\\filter\\aggregate\\aggregate.js"
    },
    "ls-flt-alter": {
     "name": "ls-flt-alter",
     "types": [
      "ls-flt-alter"
     ],
     "enabled": true,
     "local": true,
     "module": "node-red-contrib-logstash",
     "file": "C:\\Users\\hi\\neutrinos-studio\\PartnerPortal\\flows\\user-data\\node_modules\\node-red-contrib-logstash\\nodes\\filter\\alter\\alter.js"
    },
    "ls-flt-anonymize": {
     "name": "ls-flt-anonymize",
     "types": [
      "ls-flt-anonymize"
     ],
     "enabled": true,
     "local": true,
     "module": "node-red-contrib-logstash",
     "file": "C:\\Users\\hi\\neutrinos-studio\\PartnerPortal\\flows\\user-data\\node_modules\\node-red-contrib-logstash\\nodes\\filter\\anonymize\\anonymize.js"
    },
    "ls-flt-bytesize": {
     "name": "ls-flt-bytesize",
     "types": [
      "ls-flt-bytesize"
     ],
     "enabled": true,
     "local": true,
     "module": "node-red-contrib-logstash",
     "file": "C:\\Users\\hi\\neutrinos-studio\\PartnerPortal\\flows\\user-data\\node_modules\\node-red-contrib-logstash\\nodes\\filter\\bytesize\\bytesize.js"
    },
    "ls-flt-checksum": {
     "name": "ls-flt-checksum",
     "types": [
      "ls-flt-checksum"
     ],
     "enabled": true,
     "local": true,
     "module": "node-red-contrib-logstash",
     "file": "C:\\Users\\hi\\neutrinos-studio\\PartnerPortal\\flows\\user-data\\node_modules\\node-red-contrib-logstash\\nodes\\filter\\checksum\\checksum.js"
    },
    "ls-flt-cidr": {
     "name": "ls-flt-cidr",
     "types": [
      "ls-flt-cidr"
     ],
     "enabled": true,
     "local": true,
     "module": "node-red-contrib-logstash",
     "file": "C:\\Users\\hi\\neutrinos-studio\\PartnerPortal\\flows\\user-data\\node_modules\\node-red-contrib-logstash\\nodes\\filter\\cidr\\cidr.js"
    },
    "ls-flt-cipher": {
     "name": "ls-flt-cipher",
     "types": [
      "ls-flt-cipher"
     ],
     "enabled": true,
     "local": true,
     "module": "node-red-contrib-logstash",
     "file": "C:\\Users\\hi\\neutrinos-studio\\PartnerPortal\\flows\\user-data\\node_modules\\node-red-contrib-logstash\\nodes\\filter\\cipher\\cipher.js"
    },
    "ls-flt-clone": {
     "name": "ls-flt-clone",
     "types": [
      "ls-flt-clone"
     ],
     "enabled": true,
     "local": true,
     "module": "node-red-contrib-logstash",
     "file": "C:\\Users\\hi\\neutrinos-studio\\PartnerPortal\\flows\\user-data\\node_modules\\node-red-contrib-logstash\\nodes\\filter\\clone\\clone.js"
    },
    "ls-flt-cloudfoundry": {
     "name": "ls-flt-cloudfoundry",
     "types": [
      "ls-flt-cloudfoundry"
     ],
     "enabled": true,
     "local": true,
     "module": "node-red-contrib-logstash",
     "file": "C:\\Users\\hi\\neutrinos-studio\\PartnerPortal\\flows\\user-data\\node_modules\\node-red-contrib-logstash\\nodes\\filter\\cloudfoundry\\cloudfoundry.js"
    },
    "ls-flt-collate": {
     "name": "ls-flt-collate",
     "types": [
      "ls-flt-collate"
     ],
     "enabled": true,
     "local": true,
     "module": "node-red-contrib-logstash",
     "file": "C:\\Users\\hi\\neutrinos-studio\\PartnerPortal\\flows\\user-data\\node_modules\\node-red-contrib-logstash\\nodes\\filter\\collate\\collate.js"
    },
    "ls-flt-csv": {
     "name": "ls-flt-csv",
     "types": [
      "ls-flt-csv"
     ],
     "enabled": true,
     "local": true,
     "module": "node-red-contrib-logstash",
     "file": "C:\\Users\\hi\\neutrinos-studio\\PartnerPortal\\flows\\user-data\\node_modules\\node-red-contrib-logstash\\nodes\\filter\\csv\\csv.js"
    },
    "ls-flt-date": {
     "name": "ls-flt-date",
     "types": [
      "ls-flt-date"
     ],
     "enabled": true,
     "local": true,
     "module": "node-red-contrib-logstash",
     "file": "C:\\Users\\hi\\neutrinos-studio\\PartnerPortal\\flows\\user-data\\node_modules\\node-red-contrib-logstash\\nodes\\filter\\date\\date.js"
    },
    "ls-flt-de_dot": {
     "name": "ls-flt-de_dot",
     "types": [
      "ls-flt-de_dot"
     ],
     "enabled": true,
     "local": true,
     "module": "node-red-contrib-logstash",
     "file": "C:\\Users\\hi\\neutrinos-studio\\PartnerPortal\\flows\\user-data\\node_modules\\node-red-contrib-logstash\\nodes\\filter\\de_dot\\de_dot.js"
    },
    "ls-flt-debug": {
     "name": "ls-flt-debug",
     "types": [
      "ls-flt-debug"
     ],
     "enabled": true,
     "local": true,
     "module": "node-red-contrib-logstash",
     "file": "C:\\Users\\hi\\neutrinos-studio\\PartnerPortal\\flows\\user-data\\node_modules\\node-red-contrib-logstash\\nodes\\filter\\debug\\debug.js"
    },
    "ls-flt-dissect": {
     "name": "ls-flt-dissect",
     "types": [
      "ls-flt-dissect"
     ],
     "enabled": true,
     "local": true,
     "module": "node-red-contrib-logstash",
     "file": "C:\\Users\\hi\\neutrinos-studio\\PartnerPortal\\flows\\user-data\\node_modules\\node-red-contrib-logstash\\nodes\\filter\\dissect\\dissect.js"
    },
    "ls-flt-dns": {
     "name": "ls-flt-dns",
     "types": [
      "ls-flt-dns"
     ],
     "enabled": true,
     "local": true,
     "module": "node-red-contrib-logstash",
     "file": "C:\\Users\\hi\\neutrinos-studio\\PartnerPortal\\flows\\user-data\\node_modules\\node-red-contrib-logstash\\nodes\\filter\\dns\\dns.js"
    },
    "ls-flt-drop": {
     "name": "ls-flt-drop",
     "types": [
      "ls-flt-drop"
     ],
     "enabled": true,
     "local": true,
     "module": "node-red-contrib-logstash",
     "file": "C:\\Users\\hi\\neutrinos-studio\\PartnerPortal\\flows\\user-data\\node_modules\\node-red-contrib-logstash\\nodes\\filter\\drop\\drop.js"
    },
    "ls-flt-elapsed": {
     "name": "ls-flt-elapsed",
     "types": [
      "ls-flt-elapsed"
     ],
     "enabled": true,
     "local": true,
     "module": "node-red-contrib-logstash",
     "file": "C:\\Users\\hi\\neutrinos-studio\\PartnerPortal\\flows\\user-data\\node_modules\\node-red-contrib-logstash\\nodes\\filter\\elapsed\\elapsed.js"
    },
    "ls-flt-elasticsearch": {
     "name": "ls-flt-elasticsearch",
     "types": [
      "ls-flt-elasticsearch"
     ],
     "enabled": true,
     "local": true,
     "module": "node-red-contrib-logstash",
     "file": "C:\\Users\\hi\\neutrinos-studio\\PartnerPortal\\flows\\user-data\\node_modules\\node-red-contrib-logstash\\nodes\\filter\\elasticsearch\\elasticsearch.js"
    },
    "ls-flt-emoji": {
     "name": "ls-flt-emoji",
     "types": [
      "ls-flt-emoji"
     ],
     "enabled": true,
     "local": true,
     "module": "node-red-contrib-logstash",
     "file": "C:\\Users\\hi\\neutrinos-studio\\PartnerPortal\\flows\\user-data\\node_modules\\node-red-contrib-logstash\\nodes\\filter\\emoji\\emoji.js"
    },
    "ls-flt-environment": {
     "name": "ls-flt-environment",
     "types": [
      "ls-flt-environment"
     ],
     "enabled": true,
     "local": true,
     "module": "node-red-contrib-logstash",
     "file": "C:\\Users\\hi\\neutrinos-studio\\PartnerPortal\\flows\\user-data\\node_modules\\node-red-contrib-logstash\\nodes\\filter\\environment\\environment.js"
    },
    "ls-flt-example": {
     "name": "ls-flt-example",
     "types": [
      "ls-flt-example"
     ],
     "enabled": true,
     "local": true,
     "module": "node-red-contrib-logstash",
     "file": "C:\\Users\\hi\\neutrinos-studio\\PartnerPortal\\flows\\user-data\\node_modules\\node-red-contrib-logstash\\nodes\\filter\\example\\example.js"
    },
    "ls-flt-extractnumbers": {
     "name": "ls-flt-extractnumbers",
     "types": [
      "ls-flt-extractnumbers"
     ],
     "enabled": true,
     "local": true,
     "module": "node-red-contrib-logstash",
     "file": "C:\\Users\\hi\\neutrinos-studio\\PartnerPortal\\flows\\user-data\\node_modules\\node-red-contrib-logstash\\nodes\\filter\\extractnumbers\\extractnumbers.js"
    },
    "ls-flt-fingerprint": {
     "name": "ls-flt-fingerprint",
     "types": [
      "ls-flt-fingerprint"
     ],
     "enabled": true,
     "local": true,
     "module": "node-red-contrib-logstash",
     "file": "C:\\Users\\hi\\neutrinos-studio\\PartnerPortal\\flows\\user-data\\node_modules\\node-red-contrib-logstash\\nodes\\filter\\fingerprint\\fingerprint.js"
    },
    "ls-flt-geoip": {
     "name": "ls-flt-geoip",
     "types": [
      "ls-flt-geoip"
     ],
     "enabled": true,
     "local": true,
     "module": "node-red-contrib-logstash",
     "file": "C:\\Users\\hi\\neutrinos-studio\\PartnerPortal\\flows\\user-data\\node_modules\\node-red-contrib-logstash\\nodes\\filter\\geoip\\geoip.js"
    },
    "ls-flt-grok": {
     "name": "ls-flt-grok",
     "types": [
      "ls-flt-grok"
     ],
     "enabled": true,
     "local": true,
     "module": "node-red-contrib-logstash",
     "file": "C:\\Users\\hi\\neutrinos-studio\\PartnerPortal\\flows\\user-data\\node_modules\\node-red-contrib-logstash\\nodes\\filter\\grok\\grok.js"
    },
    "ls-flt-hashid": {
     "name": "ls-flt-hashid",
     "types": [
      "ls-flt-hashid"
     ],
     "enabled": true,
     "local": true,
     "module": "node-red-contrib-logstash",
     "file": "C:\\Users\\hi\\neutrinos-studio\\PartnerPortal\\flows\\user-data\\node_modules\\node-red-contrib-logstash\\nodes\\filter\\hashid\\hashid.js"
    },
    "ls-flt-i18n": {
     "name": "ls-flt-i18n",
     "types": [
      "ls-flt-i18n"
     ],
     "enabled": true,
     "local": true,
     "module": "node-red-contrib-logstash",
     "file": "C:\\Users\\hi\\neutrinos-studio\\PartnerPortal\\flows\\user-data\\node_modules\\node-red-contrib-logstash\\nodes\\filter\\i18n\\i18n.js"
    },
    "ls-flt-jdbc_static": {
     "name": "ls-flt-jdbc_static",
     "types": [
      "ls-flt-jdbc_static"
     ],
     "enabled": true,
     "local": true,
     "module": "node-red-contrib-logstash",
     "file": "C:\\Users\\hi\\neutrinos-studio\\PartnerPortal\\flows\\user-data\\node_modules\\node-red-contrib-logstash\\nodes\\filter\\jdbc_static\\jdbc_static.js"
    },
    "ls-flt-jdbc_streaming": {
     "name": "ls-flt-jdbc_streaming",
     "types": [
      "ls-flt-jdbc_streaming"
     ],
     "enabled": true,
     "local": true,
     "module": "node-red-contrib-logstash",
     "file": "C:\\Users\\hi\\neutrinos-studio\\PartnerPortal\\flows\\user-data\\node_modules\\node-red-contrib-logstash\\nodes\\filter\\jdbc_streaming\\jdbc_streaming.js"
    },
    "ls-flt-json": {
     "name": "ls-flt-json",
     "types": [
      "ls-flt-json"
     ],
     "enabled": true,
     "local": true,
     "module": "node-red-contrib-logstash",
     "file": "C:\\Users\\hi\\neutrinos-studio\\PartnerPortal\\flows\\user-data\\node_modules\\node-red-contrib-logstash\\nodes\\filter\\json\\json.js"
    },
    "ls-flt-json_encode": {
     "name": "ls-flt-json_encode",
     "types": [
      "ls-flt-json_encode"
     ],
     "enabled": true,
     "local": true,
     "module": "node-red-contrib-logstash",
     "file": "C:\\Users\\hi\\neutrinos-studio\\PartnerPortal\\flows\\user-data\\node_modules\\node-red-contrib-logstash\\nodes\\filter\\json_encode\\json_encode.js"
    },
    "ls-flt-kubernetes_metadata": {
     "name": "ls-flt-kubernetes_metadata",
     "types": [
      "ls-flt-kubernetes_metadata"
     ],
     "enabled": true,
     "local": true,
     "module": "node-red-contrib-logstash",
     "file": "C:\\Users\\hi\\neutrinos-studio\\PartnerPortal\\flows\\user-data\\node_modules\\node-red-contrib-logstash\\nodes\\filter\\kubernetes_metadata\\kubernetes_metadata.js"
    },
    "ls-flt-kv": {
     "name": "ls-flt-kv",
     "types": [
      "ls-flt-kv"
     ],
     "enabled": true,
     "local": true,
     "module": "node-red-contrib-logstash",
     "file": "C:\\Users\\hi\\neutrinos-studio\\PartnerPortal\\flows\\user-data\\node_modules\\node-red-contrib-logstash\\nodes\\filter\\kv\\kv.js"
    },
    "ls-flt-language": {
     "name": "ls-flt-language",
     "types": [
      "ls-flt-language"
     ],
     "enabled": true,
     "local": true,
     "module": "node-red-contrib-logstash",
     "file": "C:\\Users\\hi\\neutrinos-studio\\PartnerPortal\\flows\\user-data\\node_modules\\node-red-contrib-logstash\\nodes\\filter\\language\\language.js"
    },
    "ls-flt-lookup": {
     "name": "ls-flt-lookup",
     "types": [
      "ls-flt-lookup"
     ],
     "enabled": true,
     "local": true,
     "module": "node-red-contrib-logstash",
     "file": "C:\\Users\\hi\\neutrinos-studio\\PartnerPortal\\flows\\user-data\\node_modules\\node-red-contrib-logstash\\nodes\\filter\\lookup\\lookup.js"
    },
    "ls-flt-math": {
     "name": "ls-flt-math",
     "types": [
      "ls-flt-math"
     ],
     "enabled": true,
     "local": true,
     "module": "node-red-contrib-logstash",
     "file": "C:\\Users\\hi\\neutrinos-studio\\PartnerPortal\\flows\\user-data\\node_modules\\node-red-contrib-logstash\\nodes\\filter\\math\\math.js"
    },
    "ls-flt-metaevent": {
     "name": "ls-flt-metaevent",
     "types": [
      "ls-flt-metaevent"
     ],
     "enabled": true,
     "local": true,
     "module": "node-red-contrib-logstash",
     "file": "C:\\Users\\hi\\neutrinos-studio\\PartnerPortal\\flows\\user-data\\node_modules\\node-red-contrib-logstash\\nodes\\filter\\metaevent\\metaevent.js"
    },
    "ls-flt-metricize": {
     "name": "ls-flt-metricize",
     "types": [
      "ls-flt-metricize"
     ],
     "enabled": true,
     "local": true,
     "module": "node-red-contrib-logstash",
     "file": "C:\\Users\\hi\\neutrinos-studio\\PartnerPortal\\flows\\user-data\\node_modules\\node-red-contrib-logstash\\nodes\\filter\\metricize\\metricize.js"
    },
    "ls-flt-metrics": {
     "name": "ls-flt-metrics",
     "types": [
      "ls-flt-metrics"
     ],
     "enabled": true,
     "local": true,
     "module": "node-red-contrib-logstash",
     "file": "C:\\Users\\hi\\neutrinos-studio\\PartnerPortal\\flows\\user-data\\node_modules\\node-red-contrib-logstash\\nodes\\filter\\metrics\\metrics.js"
    },
    "ls-flt-multiline": {
     "name": "ls-flt-multiline",
     "types": [
      "ls-flt-multiline"
     ],
     "enabled": true,
     "local": true,
     "module": "node-red-contrib-logstash",
     "file": "C:\\Users\\hi\\neutrinos-studio\\PartnerPortal\\flows\\user-data\\node_modules\\node-red-contrib-logstash\\nodes\\filter\\multiline\\multiline.js"
    },
    "ls-flt-mutate": {
     "name": "ls-flt-mutate",
     "types": [
      "ls-flt-mutate"
     ],
     "enabled": true,
     "local": true,
     "module": "node-red-contrib-logstash",
     "file": "C:\\Users\\hi\\neutrinos-studio\\PartnerPortal\\flows\\user-data\\node_modules\\node-red-contrib-logstash\\nodes\\filter\\mutate\\mutate.js"
    },
    "ls-flt-oui": {
     "name": "ls-flt-oui",
     "types": [
      "ls-flt-oui"
     ],
     "enabled": true,
     "local": true,
     "module": "node-red-contrib-logstash",
     "file": "C:\\Users\\hi\\neutrinos-studio\\PartnerPortal\\flows\\user-data\\node_modules\\node-red-contrib-logstash\\nodes\\filter\\oui\\oui.js"
    },
    "ls-flt-prune": {
     "name": "ls-flt-prune",
     "types": [
      "ls-flt-prune"
     ],
     "enabled": true,
     "local": true,
     "module": "node-red-contrib-logstash",
     "file": "C:\\Users\\hi\\neutrinos-studio\\PartnerPortal\\flows\\user-data\\node_modules\\node-red-contrib-logstash\\nodes\\filter\\prune\\prune.js"
    },
    "ls-flt-punct": {
     "name": "ls-flt-punct",
     "types": [
      "ls-flt-punct"
     ],
     "enabled": true,
     "local": true,
     "module": "node-red-contrib-logstash",
     "file": "C:\\Users\\hi\\neutrinos-studio\\PartnerPortal\\flows\\user-data\\node_modules\\node-red-contrib-logstash\\nodes\\filter\\punct\\punct.js"
    },
    "ls-flt-range": {
     "name": "ls-flt-range",
     "types": [
      "ls-flt-range"
     ],
     "enabled": true,
     "local": true,
     "module": "node-red-contrib-logstash",
     "file": "C:\\Users\\hi\\neutrinos-studio\\PartnerPortal\\flows\\user-data\\node_modules\\node-red-contrib-logstash\\nodes\\filter\\range\\range.js"
    },
    "ls-flt-ruby": {
     "name": "ls-flt-ruby",
     "types": [
      "ls-flt-ruby"
     ],
     "enabled": true,
     "local": true,
     "module": "node-red-contrib-logstash",
     "file": "C:\\Users\\hi\\neutrinos-studio\\PartnerPortal\\flows\\user-data\\node_modules\\node-red-contrib-logstash\\nodes\\filter\\ruby\\ruby.js"
    },
    "ls-flt-sleep": {
     "name": "ls-flt-sleep",
     "types": [
      "ls-flt-sleep"
     ],
     "enabled": true,
     "local": true,
     "module": "node-red-contrib-logstash",
     "file": "C:\\Users\\hi\\neutrinos-studio\\PartnerPortal\\flows\\user-data\\node_modules\\node-red-contrib-logstash\\nodes\\filter\\sleep\\sleep.js"
    },
    "ls-flt-split": {
     "name": "ls-flt-split",
     "types": [
      "ls-flt-split"
     ],
     "enabled": true,
     "local": true,
     "module": "node-red-contrib-logstash",
     "file": "C:\\Users\\hi\\neutrinos-studio\\PartnerPortal\\flows\\user-data\\node_modules\\node-red-contrib-logstash\\nodes\\filter\\split\\split.js"
    },
    "ls-flt-syslog_pri": {
     "name": "ls-flt-syslog_pri",
     "types": [
      "ls-flt-syslog_pri"
     ],
     "enabled": true,
     "local": true,
     "module": "node-red-contrib-logstash",
     "file": "C:\\Users\\hi\\neutrinos-studio\\PartnerPortal\\flows\\user-data\\node_modules\\node-red-contrib-logstash\\nodes\\filter\\syslog_pri\\syslog_pri.js"
    },
    "ls-flt-throttle": {
     "name": "ls-flt-throttle",
     "types": [
      "ls-flt-throttle"
     ],
     "enabled": true,
     "local": true,
     "module": "node-red-contrib-logstash",
     "file": "C:\\Users\\hi\\neutrinos-studio\\PartnerPortal\\flows\\user-data\\node_modules\\node-red-contrib-logstash\\nodes\\filter\\throttle\\throttle.js"
    },
    "ls-flt-tld": {
     "name": "ls-flt-tld",
     "types": [
      "ls-flt-tld"
     ],
     "enabled": true,
     "local": true,
     "module": "node-red-contrib-logstash",
     "file": "C:\\Users\\hi\\neutrinos-studio\\PartnerPortal\\flows\\user-data\\node_modules\\node-red-contrib-logstash\\nodes\\filter\\tld\\tld.js"
    },
    "ls-flt-translate": {
     "name": "ls-flt-translate",
     "types": [
      "ls-flt-translate"
     ],
     "enabled": true,
     "local": true,
     "module": "node-red-contrib-logstash",
     "file": "C:\\Users\\hi\\neutrinos-studio\\PartnerPortal\\flows\\user-data\\node_modules\\node-red-contrib-logstash\\nodes\\filter\\translate\\translate.js"
    },
    "ls-flt-truncate": {
     "name": "ls-flt-truncate",
     "types": [
      "ls-flt-truncate"
     ],
     "enabled": true,
     "local": true,
     "module": "node-red-contrib-logstash",
     "file": "C:\\Users\\hi\\neutrinos-studio\\PartnerPortal\\flows\\user-data\\node_modules\\node-red-contrib-logstash\\nodes\\filter\\truncate\\truncate.js"
    },
    "ls-flt-unique": {
     "name": "ls-flt-unique",
     "types": [
      "ls-flt-unique"
     ],
     "enabled": true,
     "local": true,
     "module": "node-red-contrib-logstash",
     "file": "C:\\Users\\hi\\neutrinos-studio\\PartnerPortal\\flows\\user-data\\node_modules\\node-red-contrib-logstash\\nodes\\filter\\unique\\unique.js"
    },
    "ls-flt-urldecode": {
     "name": "ls-flt-urldecode",
     "types": [
      "ls-flt-urldecode"
     ],
     "enabled": true,
     "local": true,
     "module": "node-red-contrib-logstash",
     "file": "C:\\Users\\hi\\neutrinos-studio\\PartnerPortal\\flows\\user-data\\node_modules\\node-red-contrib-logstash\\nodes\\filter\\urldecode\\urldecode.js"
    },
    "ls-flt-useragent": {
     "name": "ls-flt-useragent",
     "types": [
      "ls-flt-useragent"
     ],
     "enabled": true,
     "local": true,
     "module": "node-red-contrib-logstash",
     "file": "C:\\Users\\hi\\neutrinos-studio\\PartnerPortal\\flows\\user-data\\node_modules\\node-red-contrib-logstash\\nodes\\filter\\useragent\\useragent.js"
    },
    "ls-flt-uuid": {
     "name": "ls-flt-uuid",
     "types": [
      "ls-flt-uuid"
     ],
     "enabled": true,
     "local": true,
     "module": "node-red-contrib-logstash",
     "file": "C:\\Users\\hi\\neutrinos-studio\\PartnerPortal\\flows\\user-data\\node_modules\\node-red-contrib-logstash\\nodes\\filter\\uuid\\uuid.js"
    },
    "ls-flt-xml": {
     "name": "ls-flt-xml",
     "types": [
      "ls-flt-xml"
     ],
     "enabled": true,
     "local": true,
     "module": "node-red-contrib-logstash",
     "file": "C:\\Users\\hi\\neutrinos-studio\\PartnerPortal\\flows\\user-data\\node_modules\\node-red-contrib-logstash\\nodes\\filter\\xml\\xml.js"
    },
    "ls-flt-yaml": {
     "name": "ls-flt-yaml",
     "types": [
      "ls-flt-yaml"
     ],
     "enabled": true,
     "local": true,
     "module": "node-red-contrib-logstash",
     "file": "C:\\Users\\hi\\neutrinos-studio\\PartnerPortal\\flows\\user-data\\node_modules\\node-red-contrib-logstash\\nodes\\filter\\yaml\\yaml.js"
    },
    "ls-flt-zeromq": {
     "name": "ls-flt-zeromq",
     "types": [
      "ls-flt-zeromq"
     ],
     "enabled": true,
     "local": true,
     "module": "node-red-contrib-logstash",
     "file": "C:\\Users\\hi\\neutrinos-studio\\PartnerPortal\\flows\\user-data\\node_modules\\node-red-contrib-logstash\\nodes\\filter\\zeromq\\zeromq.js"
    },
    "ls-in-beats": {
     "name": "ls-in-beats",
     "types": [
      "ls-in-beats"
     ],
     "enabled": true,
     "local": true,
     "module": "node-red-contrib-logstash",
     "file": "C:\\Users\\hi\\neutrinos-studio\\PartnerPortal\\flows\\user-data\\node_modules\\node-red-contrib-logstash\\nodes\\input\\beats\\beats.js"
    },
    "ls-in-cloudwatch": {
     "name": "ls-in-cloudwatch",
     "types": [
      "ls-in-cloudwatch"
     ],
     "enabled": true,
     "local": true,
     "module": "node-red-contrib-logstash",
     "file": "C:\\Users\\hi\\neutrinos-studio\\PartnerPortal\\flows\\user-data\\node_modules\\node-red-contrib-logstash\\nodes\\input\\cloudwatch\\cloudwatch.js"
    },
    "ls-in-couchdb_changes": {
     "name": "ls-in-couchdb_changes",
     "types": [
      "ls-in-couchdb_changes"
     ],
     "enabled": true,
     "local": true,
     "module": "node-red-contrib-logstash",
     "file": "C:\\Users\\hi\\neutrinos-studio\\PartnerPortal\\flows\\user-data\\node_modules\\node-red-contrib-logstash\\nodes\\input\\couchdb_changes\\couchdb_changes.js"
    },
    "ls-in-dead_letter_queue": {
     "name": "ls-in-dead_letter_queue",
     "types": [
      "ls-in-dead_letter_queue"
     ],
     "enabled": true,
     "local": true,
     "module": "node-red-contrib-logstash",
     "file": "C:\\Users\\hi\\neutrinos-studio\\PartnerPortal\\flows\\user-data\\node_modules\\node-red-contrib-logstash\\nodes\\input\\dead_letter_queue\\dead_letter_queue.js"
    },
    "ls-in-drupal_dblog": {
     "name": "ls-in-drupal_dblog",
     "types": [
      "ls-in-drupal_dblog"
     ],
     "enabled": true,
     "local": true,
     "module": "node-red-contrib-logstash",
     "file": "C:\\Users\\hi\\neutrinos-studio\\PartnerPortal\\flows\\user-data\\node_modules\\node-red-contrib-logstash\\nodes\\input\\drupal_dblog\\drupal_dblog.js"
    },
    "ls-in-dynamodb": {
     "name": "ls-in-dynamodb",
     "types": [
      "ls-in-dynamodb"
     ],
     "enabled": true,
     "local": true,
     "module": "node-red-contrib-logstash",
     "file": "C:\\Users\\hi\\neutrinos-studio\\PartnerPortal\\flows\\user-data\\node_modules\\node-red-contrib-logstash\\nodes\\input\\dynamodb\\dynamodb.js"
    },
    "ls-in-elasticsearch": {
     "name": "ls-in-elasticsearch",
     "types": [
      "ls-in-elasticsearch"
     ],
     "enabled": true,
     "local": true,
     "module": "node-red-contrib-logstash",
     "file": "C:\\Users\\hi\\neutrinos-studio\\PartnerPortal\\flows\\user-data\\node_modules\\node-red-contrib-logstash\\nodes\\input\\elasticsearch\\elasticsearch.js"
    },
    "ls-in-eventlog": {
     "name": "ls-in-eventlog",
     "types": [
      "ls-in-eventlog"
     ],
     "enabled": true,
     "local": true,
     "module": "node-red-contrib-logstash",
     "file": "C:\\Users\\hi\\neutrinos-studio\\PartnerPortal\\flows\\user-data\\node_modules\\node-red-contrib-logstash\\nodes\\input\\eventlog\\eventlog.js"
    },
    "ls-in-example": {
     "name": "ls-in-example",
     "types": [
      "ls-in-example"
     ],
     "enabled": true,
     "local": true,
     "module": "node-red-contrib-logstash",
     "file": "C:\\Users\\hi\\neutrinos-studio\\PartnerPortal\\flows\\user-data\\node_modules\\node-red-contrib-logstash\\nodes\\input\\example\\example.js"
    },
    "ls-in-exec": {
     "name": "ls-in-exec",
     "types": [
      "ls-in-exec"
     ],
     "enabled": true,
     "local": true,
     "module": "node-red-contrib-logstash",
     "file": "C:\\Users\\hi\\neutrinos-studio\\PartnerPortal\\flows\\user-data\\node_modules\\node-red-contrib-logstash\\nodes\\input\\exec\\exec.js"
    },
    "ls-in-file": {
     "name": "ls-in-file",
     "types": [
      "ls-in-file"
     ],
     "enabled": true,
     "local": true,
     "module": "node-red-contrib-logstash",
     "file": "C:\\Users\\hi\\neutrinos-studio\\PartnerPortal\\flows\\user-data\\node_modules\\node-red-contrib-logstash\\nodes\\input\\file\\file.js"
    },
    "ls-in-fluentd": {
     "name": "ls-in-fluentd",
     "types": [
      "ls-in-fluentd"
     ],
     "enabled": true,
     "local": true,
     "module": "node-red-contrib-logstash",
     "file": "C:\\Users\\hi\\neutrinos-studio\\PartnerPortal\\flows\\user-data\\node_modules\\node-red-contrib-logstash\\nodes\\input\\fluentd\\fluentd.js"
    },
    "ls-in-ganglia": {
     "name": "ls-in-ganglia",
     "types": [
      "ls-in-ganglia"
     ],
     "enabled": true,
     "local": true,
     "module": "node-red-contrib-logstash",
     "file": "C:\\Users\\hi\\neutrinos-studio\\PartnerPortal\\flows\\user-data\\node_modules\\node-red-contrib-logstash\\nodes\\input\\ganglia\\ganglia.js"
    },
    "ls-in-gelf": {
     "name": "ls-in-gelf",
     "types": [
      "ls-in-gelf"
     ],
     "enabled": true,
     "local": true,
     "module": "node-red-contrib-logstash",
     "file": "C:\\Users\\hi\\neutrinos-studio\\PartnerPortal\\flows\\user-data\\node_modules\\node-red-contrib-logstash\\nodes\\input\\gelf\\gelf.js"
    },
    "ls-in-gemfire": {
     "name": "ls-in-gemfire",
     "types": [
      "ls-in-gemfire"
     ],
     "enabled": true,
     "local": true,
     "module": "node-red-contrib-logstash",
     "file": "C:\\Users\\hi\\neutrinos-studio\\PartnerPortal\\flows\\user-data\\node_modules\\node-red-contrib-logstash\\nodes\\input\\gemfire\\gemfire.js"
    },
    "ls-in-generator": {
     "name": "ls-in-generator",
     "types": [
      "ls-in-generator"
     ],
     "enabled": true,
     "local": true,
     "module": "node-red-contrib-logstash",
     "file": "C:\\Users\\hi\\neutrinos-studio\\PartnerPortal\\flows\\user-data\\node_modules\\node-red-contrib-logstash\\nodes\\input\\generator\\generator.js"
    },
    "ls-in-github": {
     "name": "ls-in-github",
     "types": [
      "ls-in-github"
     ],
     "enabled": true,
     "local": true,
     "module": "node-red-contrib-logstash",
     "file": "C:\\Users\\hi\\neutrinos-studio\\PartnerPortal\\flows\\user-data\\node_modules\\node-red-contrib-logstash\\nodes\\input\\github\\github.js"
    },
    "ls-in-google_pubsub": {
     "name": "ls-in-google_pubsub",
     "types": [
      "ls-in-google_pubsub"
     ],
     "enabled": true,
     "local": true,
     "module": "node-red-contrib-logstash",
     "file": "C:\\Users\\hi\\neutrinos-studio\\PartnerPortal\\flows\\user-data\\node_modules\\node-red-contrib-logstash\\nodes\\input\\google_pubsub\\google_pubsub.js"
    },
    "ls-in-googleanalytics": {
     "name": "ls-in-googleanalytics",
     "types": [
      "ls-in-googleanalytics"
     ],
     "enabled": true,
     "local": true,
     "module": "node-red-contrib-logstash",
     "file": "C:\\Users\\hi\\neutrinos-studio\\PartnerPortal\\flows\\user-data\\node_modules\\node-red-contrib-logstash\\nodes\\input\\googleanalytics\\googleanalytics.js"
    },
    "ls-in-graphite": {
     "name": "ls-in-graphite",
     "types": [
      "ls-in-graphite"
     ],
     "enabled": true,
     "local": true,
     "module": "node-red-contrib-logstash",
     "file": "C:\\Users\\hi\\neutrinos-studio\\PartnerPortal\\flows\\user-data\\node_modules\\node-red-contrib-logstash\\nodes\\input\\graphite\\graphite.js"
    },
    "ls-in-heartbeat": {
     "name": "ls-in-heartbeat",
     "types": [
      "ls-in-heartbeat"
     ],
     "enabled": true,
     "local": true,
     "module": "node-red-contrib-logstash",
     "file": "C:\\Users\\hi\\neutrinos-studio\\PartnerPortal\\flows\\user-data\\node_modules\\node-red-contrib-logstash\\nodes\\input\\heartbeat\\heartbeat.js"
    },
    "ls-in-heroku": {
     "name": "ls-in-heroku",
     "types": [
      "ls-in-heroku"
     ],
     "enabled": true,
     "local": true,
     "module": "node-red-contrib-logstash",
     "file": "C:\\Users\\hi\\neutrinos-studio\\PartnerPortal\\flows\\user-data\\node_modules\\node-red-contrib-logstash\\nodes\\input\\heroku\\heroku.js"
    },
    "ls-in-http": {
     "name": "ls-in-http",
     "types": [
      "ls-in-http"
     ],
     "enabled": true,
     "local": true,
     "module": "node-red-contrib-logstash",
     "file": "C:\\Users\\hi\\neutrinos-studio\\PartnerPortal\\flows\\user-data\\node_modules\\node-red-contrib-logstash\\nodes\\input\\http\\http.js"
    },
    "ls-in-http_poller": {
     "name": "ls-in-http_poller",
     "types": [
      "ls-in-http_poller"
     ],
     "enabled": true,
     "local": true,
     "module": "node-red-contrib-logstash",
     "file": "C:\\Users\\hi\\neutrinos-studio\\PartnerPortal\\flows\\user-data\\node_modules\\node-red-contrib-logstash\\nodes\\input\\http_poller\\http_poller.js"
    },
    "ls-in-imap": {
     "name": "ls-in-imap",
     "types": [
      "ls-in-imap"
     ],
     "enabled": true,
     "local": true,
     "module": "node-red-contrib-logstash",
     "file": "C:\\Users\\hi\\neutrinos-studio\\PartnerPortal\\flows\\user-data\\node_modules\\node-red-contrib-logstash\\nodes\\input\\imap\\imap.js"
    },
    "ls-in-irc": {
     "name": "ls-in-irc",
     "types": [
      "ls-in-irc"
     ],
     "enabled": true,
     "local": true,
     "module": "node-red-contrib-logstash",
     "file": "C:\\Users\\hi\\neutrinos-studio\\PartnerPortal\\flows\\user-data\\node_modules\\node-red-contrib-logstash\\nodes\\input\\irc\\irc.js"
    },
    "ls-in-jdbc": {
     "name": "ls-in-jdbc",
     "types": [
      "ls-in-jdbc"
     ],
     "enabled": true,
     "local": true,
     "module": "node-red-contrib-logstash",
     "file": "C:\\Users\\hi\\neutrinos-studio\\PartnerPortal\\flows\\user-data\\node_modules\\node-red-contrib-logstash\\nodes\\input\\jdbc\\jdbc.js"
    },
    "ls-in-jms": {
     "name": "ls-in-jms",
     "types": [
      "ls-in-jms"
     ],
     "enabled": true,
     "local": true,
     "module": "node-red-contrib-logstash",
     "file": "C:\\Users\\hi\\neutrinos-studio\\PartnerPortal\\flows\\user-data\\node_modules\\node-red-contrib-logstash\\nodes\\input\\jms\\jms.js"
    },
    "ls-in-jmx": {
     "name": "ls-in-jmx",
     "types": [
      "ls-in-jmx"
     ],
     "enabled": true,
     "local": true,
     "module": "node-red-contrib-logstash",
     "file": "C:\\Users\\hi\\neutrinos-studio\\PartnerPortal\\flows\\user-data\\node_modules\\node-red-contrib-logstash\\nodes\\input\\jmx\\jmx.js"
    },
    "ls-in-journald": {
     "name": "ls-in-journald",
     "types": [
      "ls-in-journald"
     ],
     "enabled": true,
     "local": true,
     "module": "node-red-contrib-logstash",
     "file": "C:\\Users\\hi\\neutrinos-studio\\PartnerPortal\\flows\\user-data\\node_modules\\node-red-contrib-logstash\\nodes\\input\\journald\\journald.js"
    },
    "ls-in-kafka": {
     "name": "ls-in-kafka",
     "types": [
      "ls-in-kafka"
     ],
     "enabled": true,
     "local": true,
     "module": "node-red-contrib-logstash",
     "file": "C:\\Users\\hi\\neutrinos-studio\\PartnerPortal\\flows\\user-data\\node_modules\\node-red-contrib-logstash\\nodes\\input\\kafka\\kafka.js"
    },
    "ls-in-kinesis": {
     "name": "ls-in-kinesis",
     "types": [
      "ls-in-kinesis"
     ],
     "enabled": true,
     "local": true,
     "module": "node-red-contrib-logstash",
     "file": "C:\\Users\\hi\\neutrinos-studio\\PartnerPortal\\flows\\user-data\\node_modules\\node-red-contrib-logstash\\nodes\\input\\kinesis\\kinesis.js"
    },
    "ls-in-log4j": {
     "name": "ls-in-log4j",
     "types": [
      "ls-in-log4j"
     ],
     "enabled": true,
     "local": true,
     "module": "node-red-contrib-logstash",
     "file": "C:\\Users\\hi\\neutrinos-studio\\PartnerPortal\\flows\\user-data\\node_modules\\node-red-contrib-logstash\\nodes\\input\\log4j\\log4j.js"
    },
    "ls-in-log4j2": {
     "name": "ls-in-log4j2",
     "types": [
      "ls-in-log4j2"
     ],
     "enabled": true,
     "local": true,
     "module": "node-red-contrib-logstash",
     "file": "C:\\Users\\hi\\neutrinos-studio\\PartnerPortal\\flows\\user-data\\node_modules\\node-red-contrib-logstash\\nodes\\input\\log4j2\\log4j2.js"
    },
    "ls-in-lumberjack": {
     "name": "ls-in-lumberjack",
     "types": [
      "ls-in-lumberjack"
     ],
     "enabled": true,
     "local": true,
     "module": "node-red-contrib-logstash",
     "file": "C:\\Users\\hi\\neutrinos-studio\\PartnerPortal\\flows\\user-data\\node_modules\\node-red-contrib-logstash\\nodes\\input\\lumberjack\\lumberjack.js"
    },
    "ls-in-meetup": {
     "name": "ls-in-meetup",
     "types": [
      "ls-in-meetup"
     ],
     "enabled": true,
     "local": true,
     "module": "node-red-contrib-logstash",
     "file": "C:\\Users\\hi\\neutrinos-studio\\PartnerPortal\\flows\\user-data\\node_modules\\node-red-contrib-logstash\\nodes\\input\\meetup\\meetup.js"
    },
    "ls-in-mongodb": {
     "name": "ls-in-mongodb",
     "types": [
      "ls-in-mongodb"
     ],
     "enabled": true,
     "local": true,
     "module": "node-red-contrib-logstash",
     "file": "C:\\Users\\hi\\neutrinos-studio\\PartnerPortal\\flows\\user-data\\node_modules\\node-red-contrib-logstash\\nodes\\input\\mongodb\\mongodb.js"
    },
    "ls-in-neo4j": {
     "name": "ls-in-neo4j",
     "types": [
      "ls-in-neo4j"
     ],
     "enabled": true,
     "local": true,
     "module": "node-red-contrib-logstash",
     "file": "C:\\Users\\hi\\neutrinos-studio\\PartnerPortal\\flows\\user-data\\node_modules\\node-red-contrib-logstash\\nodes\\input\\neo4j\\neo4j.js"
    },
    "ls-in-netflow": {
     "name": "ls-in-netflow",
     "types": [
      "ls-in-netflow"
     ],
     "enabled": true,
     "local": true,
     "module": "node-red-contrib-logstash",
     "file": "C:\\Users\\hi\\neutrinos-studio\\PartnerPortal\\flows\\user-data\\node_modules\\node-red-contrib-logstash\\nodes\\input\\netflow\\netflow.js"
    },
    "ls-in-perfmon": {
     "name": "ls-in-perfmon",
     "types": [
      "ls-in-perfmon"
     ],
     "enabled": true,
     "local": true,
     "module": "node-red-contrib-logstash",
     "file": "C:\\Users\\hi\\neutrinos-studio\\PartnerPortal\\flows\\user-data\\node_modules\\node-red-contrib-logstash\\nodes\\input\\perfmon\\perfmon.js"
    },
    "ls-in-pipe": {
     "name": "ls-in-pipe",
     "types": [
      "ls-in-pipe"
     ],
     "enabled": true,
     "local": true,
     "module": "node-red-contrib-logstash",
     "file": "C:\\Users\\hi\\neutrinos-studio\\PartnerPortal\\flows\\user-data\\node_modules\\node-red-contrib-logstash\\nodes\\input\\pipe\\pipe.js"
    },
    "ls-in-puppet_facter": {
     "name": "ls-in-puppet_facter",
     "types": [
      "ls-in-puppet_facter"
     ],
     "enabled": true,
     "local": true,
     "module": "node-red-contrib-logstash",
     "file": "C:\\Users\\hi\\neutrinos-studio\\PartnerPortal\\flows\\user-data\\node_modules\\node-red-contrib-logstash\\nodes\\input\\puppet_facter\\puppet_facter.js"
    },
    "ls-in-rabbitmq": {
     "name": "ls-in-rabbitmq",
     "types": [
      "ls-in-rabbitmq"
     ],
     "enabled": true,
     "local": true,
     "module": "node-red-contrib-logstash",
     "file": "C:\\Users\\hi\\neutrinos-studio\\PartnerPortal\\flows\\user-data\\node_modules\\node-red-contrib-logstash\\nodes\\input\\rabbitmq\\rabbitmq.js"
    },
    "ls-in-rackspace": {
     "name": "ls-in-rackspace",
     "types": [
      "ls-in-rackspace"
     ],
     "enabled": true,
     "local": true,
     "module": "node-red-contrib-logstash",
     "file": "C:\\Users\\hi\\neutrinos-studio\\PartnerPortal\\flows\\user-data\\node_modules\\node-red-contrib-logstash\\nodes\\input\\rackspace\\rackspace.js"
    },
    "ls-in-redis": {
     "name": "ls-in-redis",
     "types": [
      "ls-in-redis"
     ],
     "enabled": true,
     "local": true,
     "module": "node-red-contrib-logstash",
     "file": "C:\\Users\\hi\\neutrinos-studio\\PartnerPortal\\flows\\user-data\\node_modules\\node-red-contrib-logstash\\nodes\\input\\redis\\redis.js"
    },
    "ls-in-relp": {
     "name": "ls-in-relp",
     "types": [
      "ls-in-relp"
     ],
     "enabled": true,
     "local": true,
     "module": "node-red-contrib-logstash",
     "file": "C:\\Users\\hi\\neutrinos-studio\\PartnerPortal\\flows\\user-data\\node_modules\\node-red-contrib-logstash\\nodes\\input\\relp\\relp.js"
    },
    "ls-in-rss": {
     "name": "ls-in-rss",
     "types": [
      "ls-in-rss"
     ],
     "enabled": true,
     "local": true,
     "module": "node-red-contrib-logstash",
     "file": "C:\\Users\\hi\\neutrinos-studio\\PartnerPortal\\flows\\user-data\\node_modules\\node-red-contrib-logstash\\nodes\\input\\rss\\rss.js"
    },
    "ls-in-s3": {
     "name": "ls-in-s3",
     "types": [
      "ls-in-s3"
     ],
     "enabled": true,
     "local": true,
     "module": "node-red-contrib-logstash",
     "file": "C:\\Users\\hi\\neutrinos-studio\\PartnerPortal\\flows\\user-data\\node_modules\\node-red-contrib-logstash\\nodes\\input\\s3\\s3.js"
    },
    "ls-in-salesforce": {
     "name": "ls-in-salesforce",
     "types": [
      "ls-in-salesforce"
     ],
     "enabled": true,
     "local": true,
     "module": "node-red-contrib-logstash",
     "file": "C:\\Users\\hi\\neutrinos-studio\\PartnerPortal\\flows\\user-data\\node_modules\\node-red-contrib-logstash\\nodes\\input\\salesforce\\salesforce.js"
    },
    "ls-in-snmptrap": {
     "name": "ls-in-snmptrap",
     "types": [
      "ls-in-snmptrap"
     ],
     "enabled": true,
     "local": true,
     "module": "node-red-contrib-logstash",
     "file": "C:\\Users\\hi\\neutrinos-studio\\PartnerPortal\\flows\\user-data\\node_modules\\node-red-contrib-logstash\\nodes\\input\\snmptrap\\snmptrap.js"
    },
    "ls-in-sqlite": {
     "name": "ls-in-sqlite",
     "types": [
      "ls-in-sqlite"
     ],
     "enabled": true,
     "local": true,
     "module": "node-red-contrib-logstash",
     "file": "C:\\Users\\hi\\neutrinos-studio\\PartnerPortal\\flows\\user-data\\node_modules\\node-red-contrib-logstash\\nodes\\input\\sqlite\\sqlite.js"
    },
    "ls-in-sqs": {
     "name": "ls-in-sqs",
     "types": [
      "ls-in-sqs"
     ],
     "enabled": true,
     "local": true,
     "module": "node-red-contrib-logstash",
     "file": "C:\\Users\\hi\\neutrinos-studio\\PartnerPortal\\flows\\user-data\\node_modules\\node-red-contrib-logstash\\nodes\\input\\sqs\\sqs.js"
    },
    "ls-in-stdin": {
     "name": "ls-in-stdin",
     "types": [
      "ls-in-stdin"
     ],
     "enabled": true,
     "local": true,
     "module": "node-red-contrib-logstash",
     "file": "C:\\Users\\hi\\neutrinos-studio\\PartnerPortal\\flows\\user-data\\node_modules\\node-red-contrib-logstash\\nodes\\input\\stdin\\stdin.js"
    },
    "ls-in-stomp": {
     "name": "ls-in-stomp",
     "types": [
      "ls-in-stomp"
     ],
     "enabled": true,
     "local": true,
     "module": "node-red-contrib-logstash",
     "file": "C:\\Users\\hi\\neutrinos-studio\\PartnerPortal\\flows\\user-data\\node_modules\\node-red-contrib-logstash\\nodes\\input\\stomp\\stomp.js"
    },
    "ls-in-syslog": {
     "name": "ls-in-syslog",
     "types": [
      "ls-in-syslog"
     ],
     "enabled": true,
     "local": true,
     "module": "node-red-contrib-logstash",
     "file": "C:\\Users\\hi\\neutrinos-studio\\PartnerPortal\\flows\\user-data\\node_modules\\node-red-contrib-logstash\\nodes\\input\\syslog\\syslog.js"
    },
    "ls-in-tcp": {
     "name": "ls-in-tcp",
     "types": [
      "ls-in-tcp"
     ],
     "enabled": true,
     "local": true,
     "module": "node-red-contrib-logstash",
     "file": "C:\\Users\\hi\\neutrinos-studio\\PartnerPortal\\flows\\user-data\\node_modules\\node-red-contrib-logstash\\nodes\\input\\tcp\\tcp.js"
    },
    "ls-in-twitter": {
     "name": "ls-in-twitter",
     "types": [
      "ls-in-twitter"
     ],
     "enabled": true,
     "local": true,
     "module": "node-red-contrib-logstash",
     "file": "C:\\Users\\hi\\neutrinos-studio\\PartnerPortal\\flows\\user-data\\node_modules\\node-red-contrib-logstash\\nodes\\input\\twitter\\twitter.js"
    },
    "ls-in-udp": {
     "name": "ls-in-udp",
     "types": [
      "ls-in-udp"
     ],
     "enabled": true,
     "local": true,
     "module": "node-red-contrib-logstash",
     "file": "C:\\Users\\hi\\neutrinos-studio\\PartnerPortal\\flows\\user-data\\node_modules\\node-red-contrib-logstash\\nodes\\input\\udp\\udp.js"
    },
    "ls-in-unix": {
     "name": "ls-in-unix",
     "types": [
      "ls-in-unix"
     ],
     "enabled": true,
     "local": true,
     "module": "node-red-contrib-logstash",
     "file": "C:\\Users\\hi\\neutrinos-studio\\PartnerPortal\\flows\\user-data\\node_modules\\node-red-contrib-logstash\\nodes\\input\\unix\\unix.js"
    },
    "ls-in-varnishlog": {
     "name": "ls-in-varnishlog",
     "types": [
      "ls-in-varnishlog"
     ],
     "enabled": true,
     "local": true,
     "module": "node-red-contrib-logstash",
     "file": "C:\\Users\\hi\\neutrinos-studio\\PartnerPortal\\flows\\user-data\\node_modules\\node-red-contrib-logstash\\nodes\\input\\varnishlog\\varnishlog.js"
    },
    "ls-in-websocket": {
     "name": "ls-in-websocket",
     "types": [
      "ls-in-websocket"
     ],
     "enabled": true,
     "local": true,
     "module": "node-red-contrib-logstash",
     "file": "C:\\Users\\hi\\neutrinos-studio\\PartnerPortal\\flows\\user-data\\node_modules\\node-red-contrib-logstash\\nodes\\input\\websocket\\websocket.js"
    },
    "ls-in-wmi": {
     "name": "ls-in-wmi",
     "types": [
      "ls-in-wmi"
     ],
     "enabled": true,
     "local": true,
     "module": "node-red-contrib-logstash",
     "file": "C:\\Users\\hi\\neutrinos-studio\\PartnerPortal\\flows\\user-data\\node_modules\\node-red-contrib-logstash\\nodes\\input\\wmi\\wmi.js"
    },
    "ls-in-xmpp": {
     "name": "ls-in-xmpp",
     "types": [
      "ls-in-xmpp"
     ],
     "enabled": true,
     "local": true,
     "module": "node-red-contrib-logstash",
     "file": "C:\\Users\\hi\\neutrinos-studio\\PartnerPortal\\flows\\user-data\\node_modules\\node-red-contrib-logstash\\nodes\\input\\xmpp\\xmpp.js"
    },
    "ls-in-zenoss": {
     "name": "ls-in-zenoss",
     "types": [
      "ls-in-zenoss"
     ],
     "enabled": true,
     "local": true,
     "module": "node-red-contrib-logstash",
     "file": "C:\\Users\\hi\\neutrinos-studio\\PartnerPortal\\flows\\user-data\\node_modules\\node-red-contrib-logstash\\nodes\\input\\zenoss\\zenoss.js"
    },
    "ls-in-zeromq": {
     "name": "ls-in-zeromq",
     "types": [
      "ls-in-zeromq"
     ],
     "enabled": true,
     "local": true,
     "module": "node-red-contrib-logstash",
     "file": "C:\\Users\\hi\\neutrinos-studio\\PartnerPortal\\flows\\user-data\\node_modules\\node-red-contrib-logstash\\nodes\\input\\zeromq\\zeromq.js"
    },
    "ls-out-beats": {
     "name": "ls-out-beats",
     "types": [
      "ls-out-beats"
     ],
     "enabled": true,
     "local": true,
     "module": "node-red-contrib-logstash",
     "file": "C:\\Users\\hi\\neutrinos-studio\\PartnerPortal\\flows\\user-data\\node_modules\\node-red-contrib-logstash\\nodes\\output\\beats\\beats.js"
    },
    "ls-out-boundary": {
     "name": "ls-out-boundary",
     "types": [
      "ls-out-boundary"
     ],
     "enabled": true,
     "local": true,
     "module": "node-red-contrib-logstash",
     "file": "C:\\Users\\hi\\neutrinos-studio\\PartnerPortal\\flows\\user-data\\node_modules\\node-red-contrib-logstash\\nodes\\output\\boundary\\boundary.js"
    },
    "ls-out-circonus": {
     "name": "ls-out-circonus",
     "types": [
      "ls-out-circonus"
     ],
     "enabled": true,
     "local": true,
     "module": "node-red-contrib-logstash",
     "file": "C:\\Users\\hi\\neutrinos-studio\\PartnerPortal\\flows\\user-data\\node_modules\\node-red-contrib-logstash\\nodes\\output\\circonus\\circonus.js"
    },
    "ls-out-cloudwatch": {
     "name": "ls-out-cloudwatch",
     "types": [
      "ls-out-cloudwatch"
     ],
     "enabled": true,
     "local": true,
     "module": "node-red-contrib-logstash",
     "file": "C:\\Users\\hi\\neutrinos-studio\\PartnerPortal\\flows\\user-data\\node_modules\\node-red-contrib-logstash\\nodes\\output\\cloudwatch\\cloudwatch.js"
    },
    "ls-out-csv": {
     "name": "ls-out-csv",
     "types": [
      "ls-out-csv"
     ],
     "enabled": true,
     "local": true,
     "module": "node-red-contrib-logstash",
     "file": "C:\\Users\\hi\\neutrinos-studio\\PartnerPortal\\flows\\user-data\\node_modules\\node-red-contrib-logstash\\nodes\\output\\csv\\csv.js"
    },
    "ls-out-datadog": {
     "name": "ls-out-datadog",
     "types": [
      "ls-out-datadog"
     ],
     "enabled": true,
     "local": true,
     "module": "node-red-contrib-logstash",
     "file": "C:\\Users\\hi\\neutrinos-studio\\PartnerPortal\\flows\\user-data\\node_modules\\node-red-contrib-logstash\\nodes\\output\\datadog\\datadog.js"
    },
    "ls-out-datadog_metrics": {
     "name": "ls-out-datadog_metrics",
     "types": [
      "ls-out-datadog_metrics"
     ],
     "enabled": true,
     "local": true,
     "module": "node-red-contrib-logstash",
     "file": "C:\\Users\\hi\\neutrinos-studio\\PartnerPortal\\flows\\user-data\\node_modules\\node-red-contrib-logstash\\nodes\\output\\datadog_metrics\\datadog_metrics.js"
    },
    "ls-out-elasticsearch": {
     "name": "ls-out-elasticsearch",
     "types": [
      "ls-out-elasticsearch"
     ],
     "enabled": true,
     "local": true,
     "module": "node-red-contrib-logstash",
     "file": "C:\\Users\\hi\\neutrinos-studio\\PartnerPortal\\flows\\user-data\\node_modules\\node-red-contrib-logstash\\nodes\\output\\elasticsearch\\elasticsearch.js"
    },
    "ls-out-elasticsearch_java": {
     "name": "ls-out-elasticsearch_java",
     "types": [
      "ls-out-elasticsearch_java"
     ],
     "enabled": true,
     "local": true,
     "module": "node-red-contrib-logstash",
     "file": "C:\\Users\\hi\\neutrinos-studio\\PartnerPortal\\flows\\user-data\\node_modules\\node-red-contrib-logstash\\nodes\\output\\elasticsearch_java\\elasticsearch_java.js"
    },
    "ls-out-email": {
     "name": "ls-out-email",
     "types": [
      "ls-out-email"
     ],
     "enabled": true,
     "local": true,
     "module": "node-red-contrib-logstash",
     "file": "C:\\Users\\hi\\neutrinos-studio\\PartnerPortal\\flows\\user-data\\node_modules\\node-red-contrib-logstash\\nodes\\output\\email\\email.js"
    },
    "ls-out-example": {
     "name": "ls-out-example",
     "types": [
      "ls-out-example"
     ],
     "enabled": true,
     "local": true,
     "module": "node-red-contrib-logstash",
     "file": "C:\\Users\\hi\\neutrinos-studio\\PartnerPortal\\flows\\user-data\\node_modules\\node-red-contrib-logstash\\nodes\\output\\example\\example.js"
    },
    "ls-out-exec": {
     "name": "ls-out-exec",
     "types": [
      "ls-out-exec"
     ],
     "enabled": true,
     "local": true,
     "module": "node-red-contrib-logstash",
     "file": "C:\\Users\\hi\\neutrinos-studio\\PartnerPortal\\flows\\user-data\\node_modules\\node-red-contrib-logstash\\nodes\\output\\exec\\exec.js"
    },
    "ls-out-file": {
     "name": "ls-out-file",
     "types": [
      "ls-out-file"
     ],
     "enabled": true,
     "local": true,
     "module": "node-red-contrib-logstash",
     "file": "C:\\Users\\hi\\neutrinos-studio\\PartnerPortal\\flows\\user-data\\node_modules\\node-red-contrib-logstash\\nodes\\output\\file\\file.js"
    },
    "ls-out-firehose": {
     "name": "ls-out-firehose",
     "types": [
      "ls-out-firehose"
     ],
     "enabled": true,
     "local": true,
     "module": "node-red-contrib-logstash",
     "file": "C:\\Users\\hi\\neutrinos-studio\\PartnerPortal\\flows\\user-data\\node_modules\\node-red-contrib-logstash\\nodes\\output\\firehose\\firehose.js"
    },
    "ls-out-ganglia": {
     "name": "ls-out-ganglia",
     "types": [
      "ls-out-ganglia"
     ],
     "enabled": true,
     "local": true,
     "module": "node-red-contrib-logstash",
     "file": "C:\\Users\\hi\\neutrinos-studio\\PartnerPortal\\flows\\user-data\\node_modules\\node-red-contrib-logstash\\nodes\\output\\ganglia\\ganglia.js"
    },
    "ls-out-gelf": {
     "name": "ls-out-gelf",
     "types": [
      "ls-out-gelf"
     ],
     "enabled": true,
     "local": true,
     "module": "node-red-contrib-logstash",
     "file": "C:\\Users\\hi\\neutrinos-studio\\PartnerPortal\\flows\\user-data\\node_modules\\node-red-contrib-logstash\\nodes\\output\\gelf\\gelf.js"
    },
    "ls-out-gemfire": {
     "name": "ls-out-gemfire",
     "types": [
      "ls-out-gemfire"
     ],
     "enabled": true,
     "local": true,
     "module": "node-red-contrib-logstash",
     "file": "C:\\Users\\hi\\neutrinos-studio\\PartnerPortal\\flows\\user-data\\node_modules\\node-red-contrib-logstash\\nodes\\output\\gemfire\\gemfire.js"
    },
    "ls-out-google_bigquery": {
     "name": "ls-out-google_bigquery",
     "types": [
      "ls-out-google_bigquery"
     ],
     "enabled": true,
     "local": true,
     "module": "node-red-contrib-logstash",
     "file": "C:\\Users\\hi\\neutrinos-studio\\PartnerPortal\\flows\\user-data\\node_modules\\node-red-contrib-logstash\\nodes\\output\\google_bigquery\\google_bigquery.js"
    },
    "ls-out-google_cloud_storage": {
     "name": "ls-out-google_cloud_storage",
     "types": [
      "ls-out-google_cloud_storage"
     ],
     "enabled": true,
     "local": true,
     "module": "node-red-contrib-logstash",
     "file": "C:\\Users\\hi\\neutrinos-studio\\PartnerPortal\\flows\\user-data\\node_modules\\node-red-contrib-logstash\\nodes\\output\\google_cloud_storage\\google_cloud_storage.js"
    },
    "ls-out-graphite": {
     "name": "ls-out-graphite",
     "types": [
      "ls-out-graphite"
     ],
     "enabled": true,
     "local": true,
     "module": "node-red-contrib-logstash",
     "file": "C:\\Users\\hi\\neutrinos-studio\\PartnerPortal\\flows\\user-data\\node_modules\\node-red-contrib-logstash\\nodes\\output\\graphite\\graphite.js"
    },
    "ls-out-graphtastic": {
     "name": "ls-out-graphtastic",
     "types": [
      "ls-out-graphtastic"
     ],
     "enabled": true,
     "local": true,
     "module": "node-red-contrib-logstash",
     "file": "C:\\Users\\hi\\neutrinos-studio\\PartnerPortal\\flows\\user-data\\node_modules\\node-red-contrib-logstash\\nodes\\output\\graphtastic\\graphtastic.js"
    },
    "ls-out-hipchat": {
     "name": "ls-out-hipchat",
     "types": [
      "ls-out-hipchat"
     ],
     "enabled": true,
     "local": true,
     "module": "node-red-contrib-logstash",
     "file": "C:\\Users\\hi\\neutrinos-studio\\PartnerPortal\\flows\\user-data\\node_modules\\node-red-contrib-logstash\\nodes\\output\\hipchat\\hipchat.js"
    },
    "ls-out-http": {
     "name": "ls-out-http",
     "types": [
      "ls-out-http"
     ],
     "enabled": true,
     "local": true,
     "module": "node-red-contrib-logstash",
     "file": "C:\\Users\\hi\\neutrinos-studio\\PartnerPortal\\flows\\user-data\\node_modules\\node-red-contrib-logstash\\nodes\\output\\http\\http.js"
    },
    "ls-out-influxdb": {
     "name": "ls-out-influxdb",
     "types": [
      "ls-out-influxdb"
     ],
     "enabled": true,
     "local": true,
     "module": "node-red-contrib-logstash",
     "file": "C:\\Users\\hi\\neutrinos-studio\\PartnerPortal\\flows\\user-data\\node_modules\\node-red-contrib-logstash\\nodes\\output\\influxdb\\influxdb.js"
    },
    "ls-out-irc": {
     "name": "ls-out-irc",
     "types": [
      "ls-out-irc"
     ],
     "enabled": true,
     "local": true,
     "module": "node-red-contrib-logstash",
     "file": "C:\\Users\\hi\\neutrinos-studio\\PartnerPortal\\flows\\user-data\\node_modules\\node-red-contrib-logstash\\nodes\\output\\irc\\irc.js"
    },
    "ls-out-jira": {
     "name": "ls-out-jira",
     "types": [
      "ls-out-jira"
     ],
     "enabled": true,
     "local": true,
     "module": "node-red-contrib-logstash",
     "file": "C:\\Users\\hi\\neutrinos-studio\\PartnerPortal\\flows\\user-data\\node_modules\\node-red-contrib-logstash\\nodes\\output\\jira\\jira.js"
    },
    "ls-out-jms": {
     "name": "ls-out-jms",
     "types": [
      "ls-out-jms"
     ],
     "enabled": true,
     "local": true,
     "module": "node-red-contrib-logstash",
     "file": "C:\\Users\\hi\\neutrinos-studio\\PartnerPortal\\flows\\user-data\\node_modules\\node-red-contrib-logstash\\nodes\\output\\jms\\jms.js"
    },
    "ls-out-juggernaut": {
     "name": "ls-out-juggernaut",
     "types": [
      "ls-out-juggernaut"
     ],
     "enabled": true,
     "local": true,
     "module": "node-red-contrib-logstash",
     "file": "C:\\Users\\hi\\neutrinos-studio\\PartnerPortal\\flows\\user-data\\node_modules\\node-red-contrib-logstash\\nodes\\output\\juggernaut\\juggernaut.js"
    },
    "ls-out-kafka": {
     "name": "ls-out-kafka",
     "types": [
      "ls-out-kafka"
     ],
     "enabled": true,
     "local": true,
     "module": "node-red-contrib-logstash",
     "file": "C:\\Users\\hi\\neutrinos-studio\\PartnerPortal\\flows\\user-data\\node_modules\\node-red-contrib-logstash\\nodes\\output\\kafka\\kafka.js"
    },
    "ls-out-librato": {
     "name": "ls-out-librato",
     "types": [
      "ls-out-librato"
     ],
     "enabled": true,
     "local": true,
     "module": "node-red-contrib-logstash",
     "file": "C:\\Users\\hi\\neutrinos-studio\\PartnerPortal\\flows\\user-data\\node_modules\\node-red-contrib-logstash\\nodes\\output\\librato\\librato.js"
    },
    "ls-out-logentries": {
     "name": "ls-out-logentries",
     "types": [
      "ls-out-logentries"
     ],
     "enabled": true,
     "local": true,
     "module": "node-red-contrib-logstash",
     "file": "C:\\Users\\hi\\neutrinos-studio\\PartnerPortal\\flows\\user-data\\node_modules\\node-red-contrib-logstash\\nodes\\output\\logentries\\logentries.js"
    },
    "ls-out-loggly": {
     "name": "ls-out-loggly",
     "types": [
      "ls-out-loggly"
     ],
     "enabled": true,
     "local": true,
     "module": "node-red-contrib-logstash",
     "file": "C:\\Users\\hi\\neutrinos-studio\\PartnerPortal\\flows\\user-data\\node_modules\\node-red-contrib-logstash\\nodes\\output\\loggly\\loggly.js"
    },
    "ls-out-lumberjack": {
     "name": "ls-out-lumberjack",
     "types": [
      "ls-out-lumberjack"
     ],
     "enabled": true,
     "local": true,
     "module": "node-red-contrib-logstash",
     "file": "C:\\Users\\hi\\neutrinos-studio\\PartnerPortal\\flows\\user-data\\node_modules\\node-red-contrib-logstash\\nodes\\output\\lumberjack\\lumberjack.js"
    },
    "ls-out-metriccatcher": {
     "name": "ls-out-metriccatcher",
     "types": [
      "ls-out-metriccatcher"
     ],
     "enabled": true,
     "local": true,
     "module": "node-red-contrib-logstash",
     "file": "C:\\Users\\hi\\neutrinos-studio\\PartnerPortal\\flows\\user-data\\node_modules\\node-red-contrib-logstash\\nodes\\output\\metriccatcher\\metriccatcher.js"
    },
    "ls-out-monasca_log_api": {
     "name": "ls-out-monasca_log_api",
     "types": [
      "ls-out-monasca_log_api"
     ],
     "enabled": true,
     "local": true,
     "module": "node-red-contrib-logstash",
     "file": "C:\\Users\\hi\\neutrinos-studio\\PartnerPortal\\flows\\user-data\\node_modules\\node-red-contrib-logstash\\nodes\\output\\monasca_log_api\\monasca_log_api.js"
    },
    "ls-out-mongodb": {
     "name": "ls-out-mongodb",
     "types": [
      "ls-out-mongodb"
     ],
     "enabled": true,
     "local": true,
     "module": "node-red-contrib-logstash",
     "file": "C:\\Users\\hi\\neutrinos-studio\\PartnerPortal\\flows\\user-data\\node_modules\\node-red-contrib-logstash\\nodes\\output\\mongodb\\mongodb.js"
    },
    "ls-out-nagios": {
     "name": "ls-out-nagios",
     "types": [
      "ls-out-nagios"
     ],
     "enabled": true,
     "local": true,
     "module": "node-red-contrib-logstash",
     "file": "C:\\Users\\hi\\neutrinos-studio\\PartnerPortal\\flows\\user-data\\node_modules\\node-red-contrib-logstash\\nodes\\output\\nagios\\nagios.js"
    },
    "ls-out-nagios_nsca": {
     "name": "ls-out-nagios_nsca",
     "types": [
      "ls-out-nagios_nsca"
     ],
     "enabled": true,
     "local": true,
     "module": "node-red-contrib-logstash",
     "file": "C:\\Users\\hi\\neutrinos-studio\\PartnerPortal\\flows\\user-data\\node_modules\\node-red-contrib-logstash\\nodes\\output\\nagios_nsca\\nagios_nsca.js"
    },
    "ls-out-neo4j": {
     "name": "ls-out-neo4j",
     "types": [
      "ls-out-neo4j"
     ],
     "enabled": true,
     "local": true,
     "module": "node-red-contrib-logstash",
     "file": "C:\\Users\\hi\\neutrinos-studio\\PartnerPortal\\flows\\user-data\\node_modules\\node-red-contrib-logstash\\nodes\\output\\neo4j\\neo4j.js"
    },
    "ls-out-newrelic": {
     "name": "ls-out-newrelic",
     "types": [
      "ls-out-newrelic"
     ],
     "enabled": true,
     "local": true,
     "module": "node-red-contrib-logstash",
     "file": "C:\\Users\\hi\\neutrinos-studio\\PartnerPortal\\flows\\user-data\\node_modules\\node-red-contrib-logstash\\nodes\\output\\newrelic\\newrelic.js"
    },
    "ls-out-null": {
     "name": "ls-out-null",
     "types": [
      "ls-out-null"
     ],
     "enabled": true,
     "local": true,
     "module": "node-red-contrib-logstash",
     "file": "C:\\Users\\hi\\neutrinos-studio\\PartnerPortal\\flows\\user-data\\node_modules\\node-red-contrib-logstash\\nodes\\output\\null\\null.js"
    },
    "ls-out-opentsdb": {
     "name": "ls-out-opentsdb",
     "types": [
      "ls-out-opentsdb"
     ],
     "enabled": true,
     "local": true,
     "module": "node-red-contrib-logstash",
     "file": "C:\\Users\\hi\\neutrinos-studio\\PartnerPortal\\flows\\user-data\\node_modules\\node-red-contrib-logstash\\nodes\\output\\opentsdb\\opentsdb.js"
    },
    "ls-out-pagerduty": {
     "name": "ls-out-pagerduty",
     "types": [
      "ls-out-pagerduty"
     ],
     "enabled": true,
     "local": true,
     "module": "node-red-contrib-logstash",
     "file": "C:\\Users\\hi\\neutrinos-studio\\PartnerPortal\\flows\\user-data\\node_modules\\node-red-contrib-logstash\\nodes\\output\\pagerduty\\pagerduty.js"
    },
    "ls-out-pipe": {
     "name": "ls-out-pipe",
     "types": [
      "ls-out-pipe"
     ],
     "enabled": true,
     "local": true,
     "module": "node-red-contrib-logstash",
     "file": "C:\\Users\\hi\\neutrinos-studio\\PartnerPortal\\flows\\user-data\\node_modules\\node-red-contrib-logstash\\nodes\\output\\pipe\\pipe.js"
    },
    "ls-out-rabbitmq": {
     "name": "ls-out-rabbitmq",
     "types": [
      "ls-out-rabbitmq"
     ],
     "enabled": true,
     "local": true,
     "module": "node-red-contrib-logstash",
     "file": "C:\\Users\\hi\\neutrinos-studio\\PartnerPortal\\flows\\user-data\\node_modules\\node-red-contrib-logstash\\nodes\\output\\rabbitmq\\rabbitmq.js"
    },
    "ls-out-rackspace": {
     "name": "ls-out-rackspace",
     "types": [
      "ls-out-rackspace"
     ],
     "enabled": true,
     "local": true,
     "module": "node-red-contrib-logstash",
     "file": "C:\\Users\\hi\\neutrinos-studio\\PartnerPortal\\flows\\user-data\\node_modules\\node-red-contrib-logstash\\nodes\\output\\rackspace\\rackspace.js"
    },
    "ls-out-rados": {
     "name": "ls-out-rados",
     "types": [
      "ls-out-rados"
     ],
     "enabled": true,
     "local": true,
     "module": "node-red-contrib-logstash",
     "file": "C:\\Users\\hi\\neutrinos-studio\\PartnerPortal\\flows\\user-data\\node_modules\\node-red-contrib-logstash\\nodes\\output\\rados\\rados.js"
    },
    "ls-out-redis": {
     "name": "ls-out-redis",
     "types": [
      "ls-out-redis"
     ],
     "enabled": true,
     "local": true,
     "module": "node-red-contrib-logstash",
     "file": "C:\\Users\\hi\\neutrinos-studio\\PartnerPortal\\flows\\user-data\\node_modules\\node-red-contrib-logstash\\nodes\\output\\redis\\redis.js"
    },
    "ls-out-redmine": {
     "name": "ls-out-redmine",
     "types": [
      "ls-out-redmine"
     ],
     "enabled": true,
     "local": true,
     "module": "node-red-contrib-logstash",
     "file": "C:\\Users\\hi\\neutrinos-studio\\PartnerPortal\\flows\\user-data\\node_modules\\node-red-contrib-logstash\\nodes\\output\\redmine\\redmine.js"
    },
    "ls-out-riak": {
     "name": "ls-out-riak",
     "types": [
      "ls-out-riak"
     ],
     "enabled": true,
     "local": true,
     "module": "node-red-contrib-logstash",
     "file": "C:\\Users\\hi\\neutrinos-studio\\PartnerPortal\\flows\\user-data\\node_modules\\node-red-contrib-logstash\\nodes\\output\\riak\\riak.js"
    },
    "ls-out-riemann": {
     "name": "ls-out-riemann",
     "types": [
      "ls-out-riemann"
     ],
     "enabled": true,
     "local": true,
     "module": "node-red-contrib-logstash",
     "file": "C:\\Users\\hi\\neutrinos-studio\\PartnerPortal\\flows\\user-data\\node_modules\\node-red-contrib-logstash\\nodes\\output\\riemann\\riemann.js"
    },
    "ls-out-s3": {
     "name": "ls-out-s3",
     "types": [
      "ls-out-s3"
     ],
     "enabled": true,
     "local": true,
     "module": "node-red-contrib-logstash",
     "file": "C:\\Users\\hi\\neutrinos-studio\\PartnerPortal\\flows\\user-data\\node_modules\\node-red-contrib-logstash\\nodes\\output\\s3\\s3.js"
    },
    "ls-out-slack": {
     "name": "ls-out-slack",
     "types": [
      "ls-out-slack"
     ],
     "enabled": true,
     "local": true,
     "module": "node-red-contrib-logstash",
     "file": "C:\\Users\\hi\\neutrinos-studio\\PartnerPortal\\flows\\user-data\\node_modules\\node-red-contrib-logstash\\nodes\\output\\slack\\slack.js"
    },
    "ls-out-sns": {
     "name": "ls-out-sns",
     "types": [
      "ls-out-sns"
     ],
     "enabled": true,
     "local": true,
     "module": "node-red-contrib-logstash",
     "file": "C:\\Users\\hi\\neutrinos-studio\\PartnerPortal\\flows\\user-data\\node_modules\\node-red-contrib-logstash\\nodes\\output\\sns\\sns.js"
    },
    "ls-out-solr_http": {
     "name": "ls-out-solr_http",
     "types": [
      "ls-out-solr_http"
     ],
     "enabled": true,
     "local": true,
     "module": "node-red-contrib-logstash",
     "file": "C:\\Users\\hi\\neutrinos-studio\\PartnerPortal\\flows\\user-data\\node_modules\\node-red-contrib-logstash\\nodes\\output\\solr_http\\solr_http.js"
    },
    "ls-out-sqs": {
     "name": "ls-out-sqs",
     "types": [
      "ls-out-sqs"
     ],
     "enabled": true,
     "local": true,
     "module": "node-red-contrib-logstash",
     "file": "C:\\Users\\hi\\neutrinos-studio\\PartnerPortal\\flows\\user-data\\node_modules\\node-red-contrib-logstash\\nodes\\output\\sqs\\sqs.js"
    },
    "ls-out-statsd": {
     "name": "ls-out-statsd",
     "types": [
      "ls-out-statsd"
     ],
     "enabled": true,
     "local": true,
     "module": "node-red-contrib-logstash",
     "file": "C:\\Users\\hi\\neutrinos-studio\\PartnerPortal\\flows\\user-data\\node_modules\\node-red-contrib-logstash\\nodes\\output\\statsd\\statsd.js"
    },
    "ls-out-stdout": {
     "name": "ls-out-stdout",
     "types": [
      "ls-out-stdout"
     ],
     "enabled": true,
     "local": true,
     "module": "node-red-contrib-logstash",
     "file": "C:\\Users\\hi\\neutrinos-studio\\PartnerPortal\\flows\\user-data\\node_modules\\node-red-contrib-logstash\\nodes\\output\\stdout\\stdout.js"
    },
    "ls-out-stomp": {
     "name": "ls-out-stomp",
     "types": [
      "ls-out-stomp"
     ],
     "enabled": true,
     "local": true,
     "module": "node-red-contrib-logstash",
     "file": "C:\\Users\\hi\\neutrinos-studio\\PartnerPortal\\flows\\user-data\\node_modules\\node-red-contrib-logstash\\nodes\\output\\stomp\\stomp.js"
    },
    "ls-out-syslog": {
     "name": "ls-out-syslog",
     "types": [
      "ls-out-syslog"
     ],
     "enabled": true,
     "local": true,
     "module": "node-red-contrib-logstash",
     "file": "C:\\Users\\hi\\neutrinos-studio\\PartnerPortal\\flows\\user-data\\node_modules\\node-red-contrib-logstash\\nodes\\output\\syslog\\syslog.js"
    },
    "ls-out-tcp": {
     "name": "ls-out-tcp",
     "types": [
      "ls-out-tcp"
     ],
     "enabled": true,
     "local": true,
     "module": "node-red-contrib-logstash",
     "file": "C:\\Users\\hi\\neutrinos-studio\\PartnerPortal\\flows\\user-data\\node_modules\\node-red-contrib-logstash\\nodes\\output\\tcp\\tcp.js"
    },
    "ls-out-udp": {
     "name": "ls-out-udp",
     "types": [
      "ls-out-udp"
     ],
     "enabled": true,
     "local": true,
     "module": "node-red-contrib-logstash",
     "file": "C:\\Users\\hi\\neutrinos-studio\\PartnerPortal\\flows\\user-data\\node_modules\\node-red-contrib-logstash\\nodes\\output\\udp\\udp.js"
    },
    "ls-out-webhdfs": {
     "name": "ls-out-webhdfs",
     "types": [
      "ls-out-webhdfs"
     ],
     "enabled": true,
     "local": true,
     "module": "node-red-contrib-logstash",
     "file": "C:\\Users\\hi\\neutrinos-studio\\PartnerPortal\\flows\\user-data\\node_modules\\node-red-contrib-logstash\\nodes\\output\\webhdfs\\webhdfs.js"
    },
    "ls-out-websocket": {
     "name": "ls-out-websocket",
     "types": [
      "ls-out-websocket"
     ],
     "enabled": true,
     "local": true,
     "module": "node-red-contrib-logstash",
     "file": "C:\\Users\\hi\\neutrinos-studio\\PartnerPortal\\flows\\user-data\\node_modules\\node-red-contrib-logstash\\nodes\\output\\websocket\\websocket.js"
    },
    "ls-out-xmpp": {
     "name": "ls-out-xmpp",
     "types": [
      "ls-out-xmpp"
     ],
     "enabled": true,
     "local": true,
     "module": "node-red-contrib-logstash",
     "file": "C:\\Users\\hi\\neutrinos-studio\\PartnerPortal\\flows\\user-data\\node_modules\\node-red-contrib-logstash\\nodes\\output\\xmpp\\xmpp.js"
    },
    "ls-out-zabbix": {
     "name": "ls-out-zabbix",
     "types": [
      "ls-out-zabbix"
     ],
     "enabled": true,
     "local": true,
     "module": "node-red-contrib-logstash",
     "file": "C:\\Users\\hi\\neutrinos-studio\\PartnerPortal\\flows\\user-data\\node_modules\\node-red-contrib-logstash\\nodes\\output\\zabbix\\zabbix.js"
    },
    "ls-out-zeromq": {
     "name": "ls-out-zeromq",
     "types": [
      "ls-out-zeromq"
     ],
     "enabled": true,
     "local": true,
     "module": "node-red-contrib-logstash",
     "file": "C:\\Users\\hi\\neutrinos-studio\\PartnerPortal\\flows\\user-data\\node_modules\\node-red-contrib-logstash\\nodes\\output\\zeromq\\zeromq.js"
    },
    "ls-out-zookeeper": {
     "name": "ls-out-zookeeper",
     "types": [
      "ls-out-zookeeper"
     ],
     "enabled": true,
     "local": true,
     "module": "node-red-contrib-logstash",
     "file": "C:\\Users\\hi\\neutrinos-studio\\PartnerPortal\\flows\\user-data\\node_modules\\node-red-contrib-logstash\\nodes\\output\\zookeeper\\zookeeper.js"
    }
   }
  },
  "node-red-contrib-mongo-client": {
   "name": "node-red-contrib-mongo-client",
   "version": "0.2.2",
   "local": true,
   "nodes": {
    "mongo-client": {
     "name": "mongo-client",
     "types": [
      "mongo-client",
      "mongo-client in"
     ],
     "enabled": true,
     "local": true,
     "module": "node-red-contrib-mongo-client",
     "file": "C:\\Users\\hi\\neutrinos-studio\\PartnerPortal\\flows\\user-data\\node_modules\\node-red-contrib-mongo-client\\mongo-client.js"
    }
   }
  },
  "node-red-contrib-mongodb": {
   "name": "node-red-contrib-mongodb",
   "version": "0.3.4",
   "local": true,
   "nodes": {
    "mongo": {
     "name": "mongo",
     "types": [
      "mongodb-config",
      "mongodb-node"
     ],
     "enabled": true,
     "local": true,
     "module": "node-red-contrib-mongodb",
     "file": "C:\\Users\\hi\\neutrinos-studio\\PartnerPortal\\flows\\user-data\\node_modules\\node-red-contrib-mongodb\\mongodb.js"
    }
   }
  },
  "node-red-contrib-mongodb-variable": {
   "name": "node-red-contrib-mongodb-variable",
   "version": "0.0.5",
   "local": true,
   "nodes": {
    "mongodb": {
     "name": "mongodb",
     "types": [
      "mongodb-var",
      "mongodb-var in"
     ],
     "enabled": true,
     "local": true,
     "module": "node-red-contrib-mongodb-variable",
     "file": "C:\\Users\\hi\\neutrinos-studio\\PartnerPortal\\flows\\user-data\\node_modules\\node-red-contrib-mongodb-variable\\mongodb.js"
    }
   }
  },
  "node-red-contrib-mongodb2": {
   "name": "node-red-contrib-mongodb2",
   "version": "0.5.6",
   "local": true,
   "nodes": {
    "mongodb2": {
     "name": "mongodb2",
     "types": [
      "mongodb2",
      "mongodb2 in"
     ],
     "enabled": true,
     "local": true,
     "module": "node-red-contrib-mongodb2",
     "file": "C:\\Users\\hi\\neutrinos-studio\\PartnerPortal\\flows\\user-data\\node_modules\\node-red-contrib-mongodb2\\mongodb2\\mongodb2.js"
    }
   }
  },
  "node-red-contrib-mongodb3": {
   "name": "node-red-contrib-mongodb3",
   "version": "2.0.1",
   "local": true,
   "nodes": {
    "mongodb": {
     "name": "mongodb",
     "types": [
      "mongodb3",
      "mongodb3 in"
     ],
     "enabled": true,
     "local": true,
     "module": "node-red-contrib-mongodb3",
     "file": "C:\\Users\\hi\\neutrinos-studio\\PartnerPortal\\flows\\user-data\\node_modules\\node-red-contrib-mongodb3\\mongodb\\mongodb.js"
    }
   }
  },
  "node-red-contrib-objectid": {
   "name": "node-red-contrib-objectid",
   "version": "0.7.2",
   "local": true,
   "nodes": {
    "objectid": {
     "name": "objectid",
     "types": [
      "objectid"
     ],
     "enabled": true,
     "local": true,
     "module": "node-red-contrib-objectid",
     "file": "C:\\Users\\hi\\neutrinos-studio\\PartnerPortal\\flows\\user-data\\node_modules\\node-red-contrib-objectid\\objectid.js"
    }
   }
  },
<<<<<<< Updated upstream
<<<<<<< Updated upstream
<<<<<<< Updated upstream
<<<<<<< Updated upstream
  "node-red-node-twitter": {
   "name": "node-red-node-twitter",
   "version": "1.1.5",
=======
=======
>>>>>>> Stashed changes
=======
  "node-red-node-twitter": {
   "name": "node-red-node-twitter",
   "version": "1.1.5",
   "local": false,
   "nodes": {
    "twitter": {
     "name": "twitter",
     "types": [
      "twitter-credentials",
      "twitter in",
      "twitter out"
     ],
     "enabled": true,
     "local": false,
     "module": "node-red-node-twitter",
     "file": "C:\\Program Files\\Neutrinos Studio\\resources\\app.asar.unpacked\\node_modules\\@jatahworx\\bhive-core\\node_modules\\node-red-node-twitter\\27-twitter.js"
    }
   }
  },
>>>>>>> Stashed changes
  "node-red-mongodb": {
   "name": "node-red-mongodb",
   "version": "0.0.18",
   "local": true,
   "nodes": {
    "mongo": {
     "name": "mongo",
     "types": [
      "mongodb",
      "mongodb out",
      "mongodb in"
     ],
     "enabled": true,
     "local": true,
     "module": "node-red-mongodb",
     "file": "C:\\Users\\hi\\neutrinos-studio\\PartnerPortal\\flows\\user-data\\node_modules\\node-red-mongodb\\66-mongodb.js"
    }
   }
  },
  "node-red-node-mongodb": {
   "name": "node-red-node-mongodb",
   "version": "0.0.14",
   "local": true,
   "nodes": {
    "mongo": {
     "name": "mongo",
     "types": [
      "mongodb",
      "mongodb out",
      "mongodb in"
     ],
     "enabled": true,
     "local": true,
     "module": "node-red-node-mongodb",
     "file": "C:\\Users\\hi\\neutrinos-studio\\PartnerPortal\\flows\\user-data\\node_modules\\node-red-node-mongodb\\66-mongodb.js"
    }
   }
  },
<<<<<<< Updated upstream
  "node-red-node-email": {
   "name": "node-red-node-email",
   "version": "1.7.0",
   "local": false,
   "nodes": {
    "email": {
     "name": "email",
     "types": [
      "e-mail",
      "e-mail in"
     ],
     "enabled": true,
     "local": false,
     "module": "node-red-node-email",
     "file": "C:\\Program Files\\Neutrinos Studio\\resources\\app.asar.unpacked\\node_modules\\@jatahworx\\bhive-core\\node_modules\\node-red-node-email\\61-email.js"
    }
   }
  },
  "node-red-node-feedparser": {
   "name": "node-red-node-feedparser",
   "version": "0.1.14",
=======
  "node-red-contrib-mongodb": {
   "name": "node-red-contrib-mongodb",
   "version": "0.3.4",
>>>>>>> Stashed changes
   "local": false,
   "nodes": {
    "feedparse": {
     "name": "feedparse",
     "types": [
      "feedparse"
     ],
     "enabled": true,
     "local": false,
     "module": "node-red-node-feedparser",
     "file": "C:\\Program Files\\Neutrinos Studio\\resources\\app.asar.unpacked\\node_modules\\@jatahworx\\bhive-core\\node_modules\\node-red-node-feedparser\\32-feedparse.js"
    }
   }
  },
  "node-red-node-rbe": {
   "name": "node-red-node-rbe",
   "version": "0.2.5",
   "local": false,
   "nodes": {
    "rbe": {
     "name": "rbe",
     "types": [
      "rbe"
     ],
     "enabled": true,
     "local": false,
     "module": "node-red-node-rbe",
     "file": "C:\\Program Files\\Neutrinos Studio\\resources\\app.asar.unpacked\\node_modules\\@jatahworx\\bhive-core\\node_modules\\node-red-node-rbe\\rbe.js"
    }
   }
  },
  "node-red-node-sentiment": {
   "name": "node-red-node-sentiment",
   "version": "0.1.4",
   "local": false,
   "nodes": {
    "sentiment": {
     "name": "sentiment",
     "types": [
      "sentiment"
     ],
     "enabled": true,
     "local": false,
     "module": "node-red-node-sentiment",
     "file": "C:\\Program Files\\Neutrinos Studio\\resources\\app.asar.unpacked\\node_modules\\@jatahworx\\bhive-core\\node_modules\\node-red-node-sentiment\\72-sentiment.js"
    }
   }
  },
<<<<<<< Updated upstream
<<<<<<< Updated upstream
  "node-red-contrib-bson": {
   "name": "node-red-contrib-bson",
   "version": "1.0.0",
=======
  "node-red-node-twitter": {
   "name": "node-red-node-twitter",
   "version": "1.1.5",
>>>>>>> Stashed changes
   "local": false,
   "nodes": {
    "twitter": {
     "name": "twitter",
     "types": [
      "twitter-credentials",
      "twitter in",
      "twitter out"
     ],
     "enabled": true,
<<<<<<< Updated upstream
     "local": true,
     "module": "node-red-contrib-bson",
     "file": "C:\\Users\\hi\\neutrinos-studio\\PartnerPortal\\flows\\user-data\\node_modules\\node-red-contrib-bson\\objectid.js"
=======
  "node-red-node-tail": {
   "name": "node-red-node-tail",
   "version": "0.0.2",
   "local": false,
   "nodes": {
    "tail": {
     "name": "tail",
     "types": [
      "tail"
     ],
     "enabled": true,
     "local": false,
     "module": "node-red-node-tail",
     "file": "C:\\Program Files\\Neutrinos Studio\\resources\\app.asar.unpacked\\node_modules\\@jatahworx\\bhive-core\\node_modules\\node-red-node-tail\\28-tail.js"
>>>>>>> Stashed changes
    }
   }
  },
  "node-red-node-twitter": {
   "name": "node-red-node-twitter",
   "version": "1.1.5",
=======
  "node-red-contrib-objectid": {
   "name": "node-red-contrib-objectid",
   "version": "0.7.2",
>>>>>>> Stashed changes
   "local": false,
   "nodes": {
    "objectid": {
     "name": "objectid",
     "types": [
      "objectid"
     ],
     "enabled": true,
<<<<<<< Updated upstream
     "local": false,
     "module": "node-red-node-twitter",
     "file": "C:\\Program Files\\Neutrinos Studio\\resources\\app.asar.unpacked\\node_modules\\@jatahworx\\bhive-core\\node_modules\\node-red-node-twitter\\27-twitter.js"
<<<<<<< Updated upstream
=======
     "local": true,
     "module": "node-red-contrib-objectid",
     "file": "C:\\Users\\hi\\neutrinos-studio\\PartnerPortal\\flows\\user-data\\node_modules\\node-red-contrib-objectid\\objectid.js"
>>>>>>> Stashed changes
=======
     "local": false,
     "module": "node-red-node-twitter",
     "file": "C:\\Program Files\\Neutrinos Studio\\resources\\app.asar.unpacked\\node_modules\\@jatahworx\\bhive-core\\node_modules\\node-red-node-twitter\\27-twitter.js"
>>>>>>> Stashed changes
=======
>>>>>>> Stashed changes
=======
     "local": true,
     "module": "node-red-contrib-objectid",
     "file": "C:\\Users\\hi\\neutrinos-studio\\PartnerPortal\\flows\\user-data\\node_modules\\node-red-contrib-objectid\\objectid.js"
>>>>>>> Stashed changes
    }
   }
  }
 },
<<<<<<< Updated upstream
<<<<<<< Updated upstream
<<<<<<< Updated upstream
<<<<<<< Updated upstream
 "_credentialSecret": "aaa1635d7f42e56d048671dbae155d0b07855a5d9b8ca05433b924cbb30a0815"
=======
 "_credentialSecret": "00528b9ee1a9edfeb194e15b0b3bae120bd34dacd0712cb59c5d016382603a21",
=======
 "_credentialSecret": "0e32cba8fe80e4303ec7ab3e4954cf56fa7bc46dde90d6ffb878d0e2a484e5d3",
>>>>>>> Stashed changes
=======
 "_credentialSecret": "aaa1635d7f42e56d048671dbae155d0b07855a5d9b8ca05433b924cbb30a0815",
>>>>>>> Stashed changes
 "users": {
  "_": {
   "editor": {
    "view": {
     "view-grid-size": "20",
     "view-node-status": true,
     "view-node-show-label": true,
     "view-show-tips": true,
     "view-snap-grid": false,
     "view-show-grid": false
    }
   }
  }
 }
<<<<<<< Updated upstream
<<<<<<< Updated upstream
>>>>>>> Stashed changes
=======
 "_credentialSecret": "5e07d2760d012306db61116bcf19bf1e2205ec48c637b150946376fa0f7a3a6f"
>>>>>>> Stashed changes
=======
>>>>>>> Stashed changes
=======
>>>>>>> Stashed changes
}