[{"id":"5807cffb.d10fb","type":"tab","label":"Flow 1","disabled":false,"info":""},{"id":"8682e203.b2dea","type":"mongodb2","z":"","uri":"mongodb://localhost:27017/AngularUserDetails","name":"db","options":"","parallelism":"-1"},{"id":"9b2b08c9.cd5148","type":"mongodb3","z":"","uri":"mongodb://localhost:27017/AngularUserDetails","name":"mongodb ","options":"","parallelism":"-1"},{"id":"fda4061a.9b1778","type":"debug","z":"5807cffb.d10fb","name":"","active":true,"tosidebar":true,"console":false,"tostatus":false,"complete":"false","x":1010,"y":40,"wires":[]},{"id":"da6433e0.18771","type":"http in","z":"5807cffb.d10fb","name":"save partner data","url":"/addpartnerdata","method":"post","upload":false,"swaggerDoc":"","x":100,"y":60,"wires":[["e82590c4.f26d8"]]},{"id":"37e97de6.f587d2","type":"http response","z":"5807cffb.d10fb","name":"addpartner","statusCode":"","headers":{},"x":1010,"y":140,"wires":[]},{"id":"fdeeb12f.a6f94","type":"http in","z":"5807cffb.d10fb","name":"Login Partner ","url":"/Loginpartner","method":"get","upload":false,"swaggerDoc":"","x":90,"y":240,"wires":[["754c23f4.ef985c"]]},{"id":"691957ac.068928","type":"http response","z":"5807cffb.d10fb","name":"partner data","statusCode":"","headers":{},"x":1190,"y":300,"wires":[]},{"id":"b8eb299e.0ba448","type":"debug","z":"5807cffb.d10fb","name":"","active":true,"tosidebar":true,"console":false,"tostatus":false,"complete":"false","x":1170,"y":240,"wires":[]},{"id":"ba6fcd49.dafe7","type":"comment","z":"5807cffb.d10fb","name":"database collection information","info":"The collection is named LicensePlate. \nEach document format is :\n```JavaScript\n{\n    \"_id\": ObjectID(\"585a4732ac11400192a60b85\"),\n    \"nom\": \"riotte\",\n    \"prenom\": \"françois\",\n    \"immatriculation\": \"123456\",\n    \"heure\": \"13\",\n    \"minute\": \"30\"\n}\n```","x":1850,"y":1560,"wires":[]},{"id":"7330a979.f054c8","type":"http in","z":"5807cffb.d10fb","name":"login","url":"/login","method":"get","upload":false,"swaggerDoc":"","x":140,"y":2340,"wires":[["285e621e.f455ee"]]},{"id":"8d4062c1.e706","type":"http response","z":"5807cffb.d10fb","name":"","statusCode":"","headers":{},"x":850,"y":2380,"wires":[]},{"id":"2f1184e6.d7b25c","type":"debug","z":"5807cffb.d10fb","name":"","active":true,"tosidebar":true,"console":false,"tostatus":false,"complete":"false","x":850,"y":2300,"wires":[]},{"id":"faf9de73.0b454","type":"http in","z":"5807cffb.d10fb","name":"","url":"/process_login","method":"post","upload":false,"swaggerDoc":"","x":170,"y":2460,"wires":[[]]},{"id":"24c94b67.0acec4","type":"http in","z":"5807cffb.d10fb","name":"","url":"/update","method":"put","upload":false,"swaggerDoc":"","x":1000,"y":2760,"wires":[["5a2a277b.f7a208"]]},{"id":"9c92d774.d10308","type":"http response","z":"5807cffb.d10fb","name":"","x":2510,"y":2700,"wires":[]},{"id":"7b1065cc.64603c","type":"function","z":"5807cffb.d10fb","name":"update request","func":"\nmsg.result=msg.req.body;\ndelete msg.req.body._id;\nmsg.payload=[\n   msg.payload,\n   msg.req.body\n    ];\nreturn msg;\n\n","outputs":"1","noerr":0,"x":1700,"y":2700,"wires":[["59903fe8.1847d"]]},{"id":"5a2a277b.f7a208","type":"function","z":"5807cffb.d10fb","name":"extract _id","func":"msg._id=msg.payload._id;\nreturn msg;","outputs":1,"noerr":0,"x":1230,"y":2740,"wires":[["9cc0652.e2dcc98"]]},{"id":"1a9fcc93.d8e8c3","type":"http in","z":"5807cffb.d10fb","name":"","url":"/plates","method":"get","swaggerDoc":"","x":1020,"y":2660,"wires":[["5862f969.a30108"]]},{"id":"f680f1cb.afe45","type":"http response","z":"5807cffb.d10fb","name":"","x":2110,"y":2580,"wires":[]},{"id":"5397158.b123aec","type":"function","z":"5807cffb.d10fb","name":"callback response","func":"/*\npour que la jsGrid soit rafraichie, \nil faut lui envoyer l'objet qui a été mis à jour\n*/\nmsg.payload=msg.result;\nreturn msg;","outputs":1,"noerr":0,"x":2270,"y":2620,"wires":[["9c92d774.d10308","534cbd89.6d5294"]]},{"id":"1ed8c451.0fe49c","type":"http response","z":"5807cffb.d10fb","name":"","x":2250,"y":2780,"wires":[]},{"id":"a31cb51c.c21148","type":"http in","z":"5807cffb.d10fb","name":"","url":"/insert","method":"post","swaggerDoc":"","x":1000,"y":2820,"wires":[["88fddc0a.7fdd8"]]},{"id":"24021134.687b4e","type":"function","z":"5807cffb.d10fb","name":"callback response","func":"/*\npour que la jsGrid soit rafraichie, \nil faut lui envoyer l'objet qui a été mis à jour\n*/\nmsg.payload=msg.req.body;\nreturn msg;","outputs":1,"noerr":0,"x":1970,"y":2800,"wires":[["1ed8c451.0fe49c"]]},{"id":"a9fbe65e.2007f8","type":"debug","z":"5807cffb.d10fb","name":"","active":true,"tosidebar":true,"console":false,"tostatus":false,"complete":"false","x":2570,"y":2560,"wires":[]},{"id":"88fddc0a.7fdd8","type":"json","z":"5807cffb.d10fb","name":"","property":"payload","action":"obj","pretty":false,"x":1350,"y":2800,"wires":[["cebc8645.db9d48"]]},{"id":"6494008b.bfc0f","type":"debug","z":"5807cffb.d10fb","name":"","active":true,"tosidebar":true,"console":false,"tostatus":false,"complete":"false","x":2230,"y":2700,"wires":[]},{"id":"534cbd89.6d5294","type":"debug","z":"5807cffb.d10fb","name":"","active":true,"tosidebar":true,"console":false,"tostatus":false,"complete":"false","x":2530,"y":2600,"wires":[]},{"id":"d6f285db.9d7a38","type":"http in","z":"5807cffb.d10fb","name":"partner list","url":"/getpartnerdata","method":"get","upload":false,"swaggerDoc":"","x":80,"y":380,"wires":[["c4adf6a1.f30ac8"]]},{"id":"7742d247.415d0c","type":"http response","z":"5807cffb.d10fb","name":"partner data","statusCode":"","headers":{},"x":1190,"y":440,"wires":[]},{"id":"e334b285.2637","type":"debug","z":"5807cffb.d10fb","name":"","active":true,"tosidebar":true,"console":false,"tostatus":false,"complete":"false","x":1170,"y":380,"wires":[]},{"id":"840b58d4.ed3bd8","type":"http in","z":"5807cffb.d10fb","name":"get leads data","url":"/getleadsdata","method":"get","upload":false,"swaggerDoc":"","x":150,"y":2000,"wires":[["bf842767.d66cb8"]]},{"id":"87308780.332618","type":"http in","z":"5807cffb.d10fb","name":"delete partner data","url":"/deletepartner","method":"delete","upload":false,"swaggerDoc":"","x":170,"y":1420,"wires":[["e5c903cd.fff2b"]]},{"id":"e5c903cd.fff2b","type":"function","z":"5807cffb.d10fb","name":"extract _id","func":"msg._id=msg.payload._id;\nreturn msg;","outputs":1,"noerr":0,"x":390,"y":1420,"wires":[["1f781efb.e3ddf1"]]},{"id":"7ba20f02.ab3cc","type":"http response","z":"5807cffb.d10fb","name":"delete partner","statusCode":"","headers":{},"x":1120,"y":1480,"wires":[]},{"id":"a65457c9.032698","type":"debug","z":"5807cffb.d10fb","name":"","active":true,"tosidebar":true,"console":false,"tostatus":false,"complete":"false","x":1090,"y":1380,"wires":[]},{"id":"8074e43f.83fc48","type":"http in","z":"5807cffb.d10fb","name":"delete channel members","url":"/deletechanneM","method":"delete","upload":false,"swaggerDoc":"","x":190,"y":1240,"wires":[["ac8c85a.c608678"]]},{"id":"ac8c85a.c608678","type":"function","z":"5807cffb.d10fb","name":"extract _id","func":"msg._id=msg.payload._id;\nreturn msg;","outputs":1,"noerr":0,"x":390,"y":1240,"wires":[["d8822ea4.a40d"]]},{"id":"96039e88.fc1f2","type":"http response","z":"5807cffb.d10fb","name":"delete channel","statusCode":"","headers":{},"x":1120,"y":1280,"wires":[]},{"id":"1f0d9587.84fcda","type":"debug","z":"5807cffb.d10fb","name":"","active":true,"tosidebar":true,"console":false,"tostatus":false,"complete":"false","x":1090,"y":1200,"wires":[]},{"id":"a62657e7.48eb28","type":"http in","z":"5807cffb.d10fb","name":"save leads data","url":"/saveleadsdata","method":"post","upload":false,"swaggerDoc":"","x":160,"y":1580,"wires":[["75c4c537.b9fbec"]]},{"id":"d6f8eedf.cfe71","type":"debug","z":"5807cffb.d10fb","name":"","active":true,"tosidebar":true,"console":false,"tostatus":false,"complete":"false","x":1110,"y":1540,"wires":[]},{"id":"38abbc91.b1d024","type":"http response","z":"5807cffb.d10fb","name":"leads data","statusCode":"","headers":{},"x":1130,"y":1620,"wires":[]},{"id":"6ea419f.0d056e8","type":"http in","z":"5807cffb.d10fb","name":"developers data ","url":"/savedevelopers","method":"post","upload":false,"swaggerDoc":"","x":160,"y":1700,"wires":[["edb29941.cdd9f8"]]},{"id":"fafc979c.b8ccf8","type":"http response","z":"5807cffb.d10fb","name":"developers data","statusCode":"","headers":{},"x":1160,"y":1740,"wires":[]},{"id":"fd7a2402.db9e38","type":"debug","z":"5807cffb.d10fb","name":"","active":true,"tosidebar":true,"console":false,"tostatus":false,"complete":"false","x":1120,"y":1680,"wires":[]},{"id":"47e3c481.8305fc","type":"http in","z":"5807cffb.d10fb","name":"delete leads data","url":"/deleteleads","method":"delete","upload":false,"swaggerDoc":"","x":160,"y":1840,"wires":[["90284a55.d3c6c8"]]},{"id":"90284a55.d3c6c8","type":"function","z":"5807cffb.d10fb","name":"extract _id","func":"msg._id=msg.payload._id;\nreturn msg;","outputs":1,"noerr":0,"x":390,"y":1840,"wires":[["c6feaa22.a39fb8"]]},{"id":"65a8ec4a.bb6e74","type":"debug","z":"5807cffb.d10fb","name":"","active":true,"tosidebar":true,"console":false,"tostatus":false,"complete":"false","x":1090,"y":1800,"wires":[]},{"id":"1394c1e1.e1cefe","type":"http response","z":"5807cffb.d10fb","name":"delete lead","statusCode":"","headers":{},"x":1130,"y":1880,"wires":[]},{"id":"1fda18d4.ac42a7","type":"debug","z":"5807cffb.d10fb","name":"","active":true,"tosidebar":true,"console":false,"tostatus":false,"complete":"false","x":1130,"y":1960,"wires":[]},{"id":"9666b06c.db59","type":"http response","z":"5807cffb.d10fb","name":"get leads","statusCode":"","headers":{},"x":1140,"y":2040,"wires":[]},{"id":"6270f00b.317bf","type":"http in","z":"5807cffb.d10fb","name":"get developers data ","url":"/getdevelopers","method":"get","upload":false,"swaggerDoc":"","x":170,"y":2120,"wires":[["f15f85b1.88ad48"]]},{"id":"180e5f17.2ab7e1","type":"http response","z":"5807cffb.d10fb","name":"developers data","statusCode":"","headers":{},"x":1160,"y":2160,"wires":[]},{"id":"805045f4.dd5f58","type":"debug","z":"5807cffb.d10fb","name":"","active":true,"tosidebar":true,"console":false,"tostatus":false,"complete":"false","x":1120,"y":2100,"wires":[]},{"id":"1250a1a2.6799fe","type":"http response","z":"5807cffb.d10fb","name":"channel data","statusCode":"","headers":{},"x":1130,"y":920,"wires":[]},{"id":"ed7bf347.c5f6f","type":"debug","z":"5807cffb.d10fb","name":"","active":true,"tosidebar":true,"console":false,"tostatus":false,"complete":"false","x":1130,"y":840,"wires":[]},{"id":"7f420d01.52fe84","type":"http in","z":"5807cffb.d10fb","name":"Save channel data","url":"/channeldata","method":"post","upload":false,"swaggerDoc":"","x":90,"y":860,"wires":[["f0ea7ec5.b6a88"]]},{"id":"5fb192fd.95dc0c","type":"http in","z":"5807cffb.d10fb","name":"get perticular Partner ","url":"/getPerticularPartner","method":"get","upload":false,"swaggerDoc":"","x":120,"y":560,"wires":[["9a48d842.993d28"]]},{"id":"cfc1c15b.f5df1","type":"debug","z":"5807cffb.d10fb","name":"","active":true,"tosidebar":true,"console":false,"tostatus":false,"complete":"false","x":1180,"y":520,"wires":[]},{"id":"dcb16bea.48ab18","type":"http response","z":"5807cffb.d10fb","name":"get partner data ","statusCode":"","headers":{},"x":1220,"y":620,"wires":[]},{"id":"9a48d842.993d28","type":"function","z":"5807cffb.d10fb","name":"Extract id","func":"msg._id= msg.payload._id\nreturn msg;","outputs":1,"noerr":0,"x":300,"y":560,"wires":[["5d4f44a3.96a12c"]]},{"id":"3a5829dc.b5af66","type":"http in","z":"5807cffb.d10fb","name":"Login member","url":"/LoginMember","method":"get","upload":false,"swaggerDoc":"","x":90,"y":720,"wires":[["ab9c65c7.e80438"]]},{"id":"802c82d3.20616","type":"http response","z":"5807cffb.d10fb","name":"partner data","statusCode":"","headers":{},"x":1190,"y":780,"wires":[]},{"id":"67d067bb.e152e8","type":"debug","z":"5807cffb.d10fb","name":"","active":true,"tosidebar":true,"console":false,"tostatus":false,"complete":"payload","targetType":"msg","x":1170,"y":720,"wires":[]},{"id":"26d45b3.dc325a4","type":"mongodb2 in","z":"5807cffb.d10fb","service":"_ext_","configNode":"8682e203.b2dea","name":"","collection":"LicencePlate","operation":"update","x":1970,"y":2680,"wires":[[]]},{"id":"5862f969.a30108","type":"mongodb2 in","z":"5807cffb.d10fb","service":"_ext_","configNode":"8682e203.b2dea","name":"","collection":"users","operation":"find.toArray","x":1560,"y":2600,"wires":[["a9fbe65e.2007f8","f680f1cb.afe45"]]},{"id":"33f6f0de.26b5a","type":"mongodb2 in","z":"5807cffb.d10fb","service":"_ext_","configNode":"8682e203.b2dea","name":"","collection":"user","operation":"insert","x":1700,"y":2780,"wires":[["24021134.687b4e"]]},{"id":"cebc8645.db9d48","type":"mongodb2 in","z":"5807cffb.d10fb","service":"_ext_","configNode":"8682e203.b2dea","name":"","collection":"users","operation":"save","x":1560,"y":2740,"wires":[["1ed8c451.0fe49c","6494008b.bfc0f"]]},{"id":"59903fe8.1847d","type":"mongodb2 in","z":"5807cffb.d10fb","service":"_ext_","configNode":"8682e203.b2dea","name":"","collection":"users","operation":"update","x":1960,"y":2620,"wires":[["5397158.b123aec"]]},{"id":"39a2c4bb.b82b9c","type":"mongodb2 in","z":"5807cffb.d10fb","service":"_ext_","configNode":"8682e203.b2dea","name":"","collection":"users","operation":"deleteOne","x":750,"y":1420,"wires":[["7ba20f02.ab3cc","a65457c9.032698"]]},{"id":"4a5c600a.71922","type":"mongodb2 in","z":"5807cffb.d10fb","service":"_ext_","configNode":"8682e203.b2dea","name":"","collection":"ChannelMember","operation":"deleteOne","x":790,"y":1240,"wires":[["96039e88.fc1f2","1f0d9587.84fcda"]]},{"id":"8646eda1.9a062","type":"mongodb2 in","z":"5807cffb.d10fb","service":"_ext_","configNode":"8682e203.b2dea","name":"","collection":"Leads","operation":"deleteOne","x":760,"y":1840,"wires":[["65a8ec4a.bb6e74","1394c1e1.e1cefe"]]},{"id":"e82590c4.f26d8","type":"mongodb3 in","z":"5807cffb.d10fb","service":"_ext_","configNode":"9b2b08c9.cd5148","name":"","collection":"users","operation":"save","x":560,"y":60,"wires":[["fda4061a.9b1778","37e97de6.f587d2"]]},{"id":"754c23f4.ef985c","type":"mongodb3 in","z":"5807cffb.d10fb","service":"_ext_","configNode":"9b2b08c9.cd5148","name":"","collection":"users","operation":"find.toArray","x":680,"y":240,"wires":[["b8eb299e.0ba448","691957ac.068928"]]},{"id":"285e621e.f455ee","type":"mongodb3 in","z":"5807cffb.d10fb","service":"_ext_","configNode":"9b2b08c9.cd5148","name":"","collection":"users","operation":"find.toArray","x":480,"y":2340,"wires":[["8d4062c1.e706","2f1184e6.d7b25c"]]},{"id":"c4adf6a1.f30ac8","type":"mongodb3 in","z":"5807cffb.d10fb","service":"_ext_","configNode":"9b2b08c9.cd5148","name":"","collection":"users","operation":"find.toArray","x":680,"y":380,"wires":[["e334b285.2637","7742d247.415d0c"]]},{"id":"75c4c537.b9fbec","type":"mongodb3 in","z":"5807cffb.d10fb","service":"_ext_","configNode":"9b2b08c9.cd5148","name":"","collection":"Leads","operation":"save","x":680,"y":1580,"wires":[["d6f8eedf.cfe71","38abbc91.b1d024"]]},{"id":"edb29941.cdd9f8","type":"mongodb3 in","z":"5807cffb.d10fb","service":"_ext_","configNode":"9b2b08c9.cd5148","name":"","collection":"Developer","operation":"save","x":650,"y":1700,"wires":[["fd7a2402.db9e38","fafc979c.b8ccf8"]]},{"id":"bf842767.d66cb8","type":"mongodb3 in","z":"5807cffb.d10fb","service":"_ext_","configNode":"9b2b08c9.cd5148","name":"","collection":"Leads","operation":"find.toArray","x":640,"y":2000,"wires":[["1fda18d4.ac42a7","9666b06c.db59"]]},{"id":"f15f85b1.88ad48","type":"mongodb3 in","z":"5807cffb.d10fb","service":"_ext_","configNode":"9b2b08c9.cd5148","name":"","collection":"Developer","operation":"find.toArray","x":670,"y":2120,"wires":[["805045f4.dd5f58","180e5f17.2ab7e1"]]},{"id":"f0ea7ec5.b6a88","type":"mongodb3 in","z":"5807cffb.d10fb","service":"_ext_","configNode":"9b2b08c9.cd5148","name":"","collection":"ChannelMember","operation":"save","x":510,"y":860,"wires":[["ed7bf347.c5f6f","1250a1a2.6799fe"]]},{"id":"25518772.ff4a28","type":"mongodb3 in","z":"5807cffb.d10fb","service":"_ext_","configNode":"9b2b08c9.cd5148","name":"","collection":"users","operation":"findOne","x":630,"y":560,"wires":[["cfc1c15b.f5df1","dcb16bea.48ab18"]]},{"id":"bf9daeb1.02d2c","type":"mongodb3 in","z":"5807cffb.d10fb","service":"_ext_","configNode":"9b2b08c9.cd5148","name":"","collection":"channelmember ","operation":"find.toArray","x":710,"y":720,"wires":[[]]},{"id":"9cc0652.e2dcc98","type":"objectid","z":"5807cffb.d10fb","name":"","selectedProperty":"_id","x":1410,"y":2700,"wires":[["7b1065cc.64603c"]]},{"id":"1f781efb.e3ddf1","type":"objectid","z":"5807cffb.d10fb","name":"","selectedProperty":"_id","x":570,"y":1420,"wires":[["39a2c4bb.b82b9c"]]},{"id":"d8822ea4.a40d","type":"objectid","z":"5807cffb.d10fb","name":"","selectedProperty":"_id","x":570,"y":1240,"wires":[["4a5c600a.71922"]]},{"id":"c6feaa22.a39fb8","type":"objectid","z":"5807cffb.d10fb","name":"","selectedProperty":"_id","x":570,"y":1840,"wires":[["8646eda1.9a062"]]},{"id":"5d4f44a3.96a12c","type":"objectid","z":"5807cffb.d10fb","name":"","selectedProperty":"_id","x":430,"y":560,"wires":[["25518772.ff4a28"]]},{"id":"ab9c65c7.e80438","type":"mongodb2 in","z":"5807cffb.d10fb","service":"_ext_","configNode":"8682e203.b2dea","name":"","collection":"channelmember","operation":"find.toArray","x":710,"y":662.6000061035156,"wires":[["802c82d3.20616","67d067bb.e152e8"]]}]